worker_ID,Age,Gender,Education_l,Education_d,Work_experience,Work_domain,Country,Language_n,Language_o,Interests_1,Interests_2,V_1,V_2,V_3,V_4,V_5,V_6,V_7,Full_time_worker,Version,Time_to_complete
44020069,21-25,Male,University,"Engineering, Technology",0-2 years,Technician/engineer,Venezuela,Spanish,English,Business and Industrial,Computers and Electronics,5,5,3,2,3,5,2,Yes,"'go,sm,bi,fo,us,a8,de,ch,so,po,a9'",133
44369730,21-25,Male,High school,"Education, Teacher Training",0-2 years,Doctor/health care,United states,Spanish,English,Finance,Sports,3,4,2,3,2,3,4,Yes,"'a8,de,ch,so,us,a9,sm,bi,go,po,fo'",85
41150153,21-25,Male,University,"Sciences Architecture, Urban and Regional Planning",2-5 years,Technician/engineer,India,Hindi,English,Games,Internet and Telecom,4,5,4,4,3,5,5,No,"'po,a9,us,ch,de,sm,fo,so,a8,go,bi'",124
43189867,26-30,Female,University,Other Areas of Study,5-10 years,Tradesman/craftsman,Venezuela,Spanish,English,Books and Literature,Business and Industrial,3,2,4,3,3,4,4,Yes,"'sm,bi,po,go,us,fo,a8,de,a9,ch,so'",277
44292269,21-25,Male,University,"Mathematics, Informatics",0-2 years,Clerical/admin,United states,English,Spanish,Beauty and Fitness,Beauty and Fitness,2,2,2,5,1,4,2,Yes,"'go,sm,fo,a8,so,us,ch,bi,a9,de,po'",280
10272915,31-35,Female,University,Other Areas of Study,0-2 years,Sales/marketing,Ukraine,Ukrainian,Russian,Sports,News,5,4,4,3,4,4,4,Yes,"'us,fo,a9,go,so,de,a8,ch,sm,bi,po'",488
10842906,41-45,Male,University,"Business Studies, Management Science",more than 10 years,Customer service,Venezuela,Spanish,Spanish,Finance,Business and Industrial,3,4,4,4,4,4,4,Yes,"'a9,us,bi,a8,go,sm,ch,so,fo,de,po'",153
11416157,26-30,Male,University,Medical Sciences,5-10 years,Homemaker,Egypt,Arabic,English,Sports,People and Society,3,3,3,2,4,5,2,No,"'po,sm,de,fo,a9,bi,us,so,go,a8,ch'",168
11831854,26-30,Female,University,"Engineering, Technology",2-5 years,Programmer,India,Telugu,English,Beauty and Fitness,Internet and Telecom,1,3,4,1,3,3,2,Yes,"'so,a8,de,sm,ch,a9,go,fo,bi,us,po'",167
1206378,26-30,Female,High school,"Engineering, Technology",5-10 years,Customer service,Croatia,Arabic,Basque,Finance,Business and Industrial,3,4,3,3,3,3,3,Yes,"'a8,us,bi,so,a9,fo,ch,sm,de,po,go'",35
123123,under 16 ,Male,High school,Art and Design,more than 10 years,Sales/marketing,Bangladesh,Bosnian,Awadhi,Internet and Telecom,Jobs and Education,3,2,3,3,2,1,1,Yes,"'ch,po,fo,so,a9,go,a8,bi,sm,de,us'",99
123213,under 16 ,Male,School,"Sciences Architecture, Urban and Regional Planning",2-5 years,Academic/educator,Bangladesh,Afrikaans,Afrikaans,Arts and Entertainment,Autos and Vehicles,1,1,2,1,1,2,1,Yes,"'a9,sm,po,a8,bi,go,fo,ch,de,us,so'",16
1232134,under 16 ,Female,School,Agriculture Sciences,0-2 years,Artist,Bosnia-herzegovina,Albanian,Afrikaans,Arts and Entertainment,Autos and Vehicles,1,2,1,2,1,1,1,No,"'po,go,sm,ch,us,fo,de,a9,so,bi,a8'",5
12323,under 16 ,Male,School,Communication and Information Sciences,0-2 years,Self-employed,Bosnia-herzegovina,Chinese,Chinese,Online Communities,Books and Literature,3,3,2,3,2,2,3,No,"'po,sm,go,a8,fo,bi,us,a9,ch,so,de'",38
1234543,26-30,Male,High school,Art and Design,0-2 years,Artist,Russia,Russian,English,Arts and Entertainment,Autos and Vehicles,3,3,3,3,3,3,3,Yes,"'de,go,fo,a8,a9,sm,so,po,bi,us,ch'",29
12423434,under 16 ,Female,School,"Sciences Architecture, Urban and Regional Planning",2-5 years,Academic/educator,Bangladesh,Czech,Afrikaans,Arts and Entertainment,Arts and Entertainment,1,2,1,2,5,3,1,Yes,"'us,a9,de,so,ch,a8,go,fo,sm,bi,po'",29
12938520,26-30,Male,Doctoral studies,Art and Design,2-5 years,Artist,Portugal,Portuguese,English,Travel,Internet and Telecom,5,3,3,1,1,3,1,No,"'de,so,bi,go,us,sm,fo,a9,po,ch,a8'",312
13521049,36-40,Male,Doctoral studies,Medical Sciences,more than 10 years,Doctor/health care,Greece,Greek,English,Sports,Travel,4,3,3,4,5,5,5,Yes,"'a8,go,ch,po,us,so,fo,bi,a9,de,sm'",144
13842059,26-30,Male,University,"Engineering, Technology",2-5 years,Technician/engineer,United states,English,English,Internet and Telecom,Games,4,4,4,4,4,4,4,No,"'bi,a9,ch,go,a8,fo,de,po,sm,us,so'",91
13947923,31-35,Male,High school,Other Areas of Study,5-10 years,Farmer,Romania,Romanian,English,Computers and Electronics,People and Society,5,4,4,4,4,4,4,Yes,"'ch,de,so,a9,go,po,bi,a8,sm,fo,us'",144
14696991,46-50,Female,University,"Engineering, Technology",more than 10 years,Programmer,Bulgaria,Bulgarian,English,Arts and Entertainment,Food and Drink,1,5,3,5,2,2,2,No,"'a8,po,ch,us,so,sm,a9,fo,go,de,bi'",105
14806939,21-25,Male,University,"Education, Teacher Training",0-2 years,Programmer,Philippines,Filipino,English,Business and Industrial,Books and Literature,4,5,3,1,1,4,3,No,"'so,sm,po,ch,fo,go,de,bi,a9,us,a8'",39
16787326,26-30,Male,School,Communication and Information Sciences,more than 10 years,Unemployed,Portugal,Portuguese,English,Arts and Entertainment,Games,3,3,3,2,3,3,3,Yes,"'fo,ch,us,go,so,de,a8,a9,bi,sm,po'",133
16815864,31-35,Male,Doctoral studies,Law,5-10 years,Lawyer,Italy,Italian,English,Games,News,5,4,3,4,4,4,4,Yes,"'so,sm,a8,fo,us,de,ch,po,bi,a9,go'",84
20623511,36-40,Female,University,Other Areas of Study,0-2 years,Clerical/admin,United states,English,English,Games,Pets and Animals,1,3,3,2,1,3,1,No,"'ch,us,fo,so,a9,sm,bi,po,a8,go,de'",167
21622,16-20,Female,University,"Education, Teacher Training",0-2 years,College/grad student,Egypt,Arabic,English,Computers and Electronics,Beauty and Fitness,3,2,3,3,3,4,3,Yes,"'a9,sm,po,ch,a8,fo,us,de,so,go,bi'",243
22346229,51-55,Female,University,"Engineering, Technology",more than 10 years,Executive/managerial,Bulgaria,Bulgarian,English,Travel,Finance,1,5,3,2,3,3,3,No,"'us,fo,go,de,sm,a9,bi,ch,po,so,a8'",185
228722,21-25,Male,University,Art and Design,0-2 years,Self-employed,Brazil,Croatian,Burmese,News,Home and Garden,3,4,2,2,2,2,2,No,"'us,po,a8,go,bi,de,sm,so,fo,a9,ch'",82
234324,16-20,Female,School,"Sciences Architecture, Urban and Regional Planning",2-5 years,Academic/educator,Bangladesh,Afrikaans,Afrikaans,Arts and Entertainment,Autos and Vehicles,1,1,2,2,1,1,1,No,"'fo,us,a8,ch,po,bi,a9,go,sm,so,de'",21
23456789,26-30,Male,High school,Art and Design,5-10 years,College/grad student,Venezuela,Bhojpuri,Chinese,News,Law and Government,2,2,2,2,2,2,2,Yes,"'ch,us,fo,a9,go,bi,a8,de,sm,po,so'",21
25301455,21-25,Male,School,Law,2-5 years,Homemaker,Venezuela,Vietnamese,Armenian,Jobs and Education,Law and Government,2,4,3,1,4,4,3,Yes,"'go,sm,fo,a9,de,ch,bi,us,a8,so,po'",111
26079868,36-40,Male,University,"Education, Teacher Training",more than 10 years,Academic/educator,Romania,Romanian,English,Sports,News,4,2,1,2,3,2,1,Yes,"'po,ch,us,go,sm,de,a8,a9,bi,fo,so'",281
27248043,36-40,Male,University,"Engineering, Technology",more than 10 years,Technician/engineer,Portugal,Portuguese,English,Sports,Travel,5,4,4,4,4,4,4,No,"'so,de,fo,a9,bi,po,ch,sm,go,us,a8'",107
28396934,21-25,Female,University,Languages and Philological Sciences,0-2 years,Customer service,United states,English,English,Food and Drink,Games,1,1,1,1,1,4,1,No,"'po,us,a9,bi,a8,so,go,de,fo,ch,sm'",131
29440526,46-50,Male,University,"Business Studies, Management Science",more than 10 years,Unemployed,Serbia,Serbian,English,Sports,Arts and Entertainment,5,3,3,3,3,3,3,Yes,"'so,us,ch,sm,po,a8,fo,de,go,bi,a9'",205
29916013,31-35,Female,High school,Other Areas of Study,more than 10 years,Technician/engineer,Portugal,Portuguese,English,Pets and Animals,Games,3,4,4,3,3,4,3,No,"'a9,bi,fo,so,us,po,de,a8,go,sm,ch'",108
30541663,26-30,Male,University,"Engineering, Technology",5-10 years,Technician/engineer,Philippines,Filipino,English,Finance,Sports,5,4,4,2,3,5,3,Yes,"'fo,go,ch,bi,so,po,us,de,a8,a9,sm'",120
30849354,31-35,Male,University,"Business Studies, Management Science",0-2 years,Executive/managerial,Bangladesh,Bengali,English,Business and Industrial,Beauty and Fitness,1,2,4,1,1,5,2,Yes,"'so,ch,a8,fo,go,po,us,bi,sm,de,a9'",90
31001292,26-30,Male,University,Other Areas of Study,2-5 years,Programmer,Russia,Russian,English,Internet and Telecom,Travel,3,4,1,3,3,4,1,No,"'de,bi,a8,us,go,so,po,ch,sm,fo,a9'",139
31265048,51-55,Female,University,"Education, Teacher Training",more than 10 years,Academic/educator,Spain,Spanish,English,Books and Literature,Sports,4,4,3,5,3,3,3,No,"'fo,bi,go,us,a8,a9,po,ch,so,de,sm'",183
31860859,26-30,Female,University,Natural Sciences,more than 10 years,Artist,Turkey,English,Turkish,Hobbies and Leisure,Beauty and Fitness,5,5,5,5,1,5,1,Yes,"'a8,so,go,fo,ch,us,po,a9,de,bi,sm'",149
31903604,26-30,Female,University,Communication and Information Sciences,2-5 years,Self-employed,Bulgaria,Filipino,English,Computers and Electronics,Games,4,5,4,4,4,5,3,Yes,"'a9,ch,so,fo,sm,po,us,de,bi,go,a8'",141
3213213,16-20,Male,School,"Sciences Architecture, Urban and Regional Planning",2-5 years,Academic/educator,Bangladesh,Afrikaans,Albanian,Arts and Entertainment,Arts and Entertainment,2,1,1,2,1,2,1,No,"'po,a8,fo,sm,so,us,ch,a9,de,bi,go'",16
32333519,36-40,Male,University,Social Sciences,more than 10 years,Self-employed,,Spanish,English,Sports,Beauty and Fitness,3,3,3,3,3,4,3,Yes,"'sm,so,bi,po,go,a8,a9,ch,fo,de,us'",163
3242344,16-20,Male,High school,Social Sciences,5-10 years,Sport professional,Spain,Cebuano,Croatian,People and Society,Pets and Animals,5,1,1,4,2,2,1,Yes,"'sm,us,ch,bi,po,de,a9,go,fo,so,a8'",49
32671231,31-35,Male,University,"Mathematics, Informatics",5-10 years,Self-employed,Romania,Romanian,English,Books and Literature,Business and Industrial,3,2,2,2,2,2,4,No,"'so,us,a8,bi,go,a9,fo,po,de,sm,ch'",149
33257008,21-25,Male,University,Natural Sciences,0-2 years,Technician/engineer,Venezuela,Spanish,Spanish,Science,Computers and Electronics,4,3,1,3,5,3,3,Yes,"'a8,sm,fo,go,de,us,ch,so,bi,po,a9'",251
34261033,16-20,Male,High school,"Education, Teacher Training",0-2 years,Self-employed,India,Hindi,German,Travel,Online Communities,2,1,2,1,2,1,2,Yes,"'po,a8,a9,de,fo,ch,sm,us,go,bi,so'",122
34308235,21-25,Male,University,"Engineering, Technology",0-2 years,Technician/engineer,Indonesia,Indonesian,English,Autos and Vehicles,Arts and Entertainment,3,4,3,4,4,4,4,No,"'go,bi,us,de,a9,sm,po,ch,a8,so,fo'",158
34685744,31-35,Female,High school,"Business Studies, Management Science",0-2 years,Programmer,Serbia,Serbian,English,Computers and Electronics,Pets and Animals,2,4,5,3,1,1,5,Yes,"'de,so,fo,bi,a8,po,a9,us,go,sm,ch'",121
34908976,26-30,Female,University,Natural Sciences,5-10 years,Executive/managerial,Spain,Catalan,Spanish,Hobbies and Leisure,Pets and Animals,5,5,5,5,4,5,4,Yes,"'so,go,sm,de,us,a8,bi,po,fo,a9,ch'",197
34951329,51-55,Male,University,Social Sciences,more than 10 years,Lawyer,Portugal,Portuguese,English,Law and Government,Finance,5,3,3,3,4,3,4,Yes,"'a8,go,us,ch,de,a9,po,sm,so,fo,bi'",157
35081121,31-35,Male,High school,Communication and Information Sciences,2-5 years,Sales/marketing,Bulgaria,Bulgarian,English,Sports,Travel,3,3,3,2,2,3,3,No,"'so,go,a9,ch,de,bi,fo,po,us,a8,sm'",140
35272705,51-55,Female,High school,"Business Studies, Management Science",5-10 years,Artist,Serbia,English,Bosnian,Games,Food and Drink,2,3,5,2,3,5,5,Yes,"'sm,po,so,go,bi,de,a8,fo,ch,a9,us'",116
35273096,26-30,Male,University,"Education, Teacher Training",2-5 years,College/grad student,Brazil,Portuguese,English,Games,Sports,5,2,1,2,3,4,2,Yes,"'a8,a9,po,so,fo,bi,ch,sm,de,go,us'",114
35507717,36-40,Male,University,"Engineering, Technology",more than 10 years,Sales/marketing,Ukraine,Russian,Ukrainian,Books and Literature,Sports,4,3,1,4,4,4,2,Yes,"'so,a9,bi,po,ch,sm,us,fo,de,a8,go'",163
35528099,26-30,Male,University,"Engineering, Technology",2-5 years,Executive/managerial,India,Hindi,English,Food and Drink,Games,1,3,3,2,1,4,2,No,"'go,po,a9,de,fo,so,bi,us,ch,a8,sm'",256
35852998,26-30,Female,High school,Other Areas of Study,2-5 years,Self-employed,Malaysia,Malay,Malay,Beauty and Fitness,Sports,5,4,5,3,2,5,4,Yes,"'fo,ch,bi,de,a8,go,us,a9,sm,po,so'",141
35884362,31-35,Male,University,Other Areas of Study,2-5 years,Unemployed,Indonesia,Indonesian,English,Autos and Vehicles,Games,4,4,4,4,4,5,4,Yes,"'us,bi,fo,a8,de,ch,so,a9,sm,po,go'",152
36723524,31-35,Female,School,Agriculture Sciences,2-5 years,Unemployed,Slovakia,Hungarian,Slovak,Food and Drink,Shopping,3,3,3,3,3,3,3,Yes,"'de,ch,so,a9,sm,us,bi,fo,go,po,a8'",93
36769251,56-60,Female,University,"Business Studies, Management Science",more than 10 years,Executive/managerial,Venezuela,Latin,English,Arts and Entertainment,Pets and Animals,2,2,4,3,3,4,3,Yes,"'ch,sm,po,go,a9,so,fo,de,a8,bi,us'",287
36874179,36-40,Male,High school,"Mathematics, Informatics",more than 10 years,Scientist,Ukraine,Ukrainian,Russian,Sports,Travel,3,3,3,3,3,3,3,Yes,"'a9,ch,so,us,fo,go,a8,bi,po,sm,de'",80
37167937,31-35,Male,University,"Engineering, Technology",5-10 years,Technician/engineer,Russia,Russian,English,Hobbies and Leisure,People and Society,5,5,4,5,4,5,5,Yes,"'so,a9,fo,bi,de,po,go,ch,sm,a8,us'",286
37275192,31-35,Male,University,Other Areas of Study,2-5 years,Academic/educator,Serbia,Serbian,English,Hobbies and Leisure,Home and Garden,4,3,3,3,4,3,4,Yes,"'fo,de,us,a8,so,ch,sm,go,po,bi,a9'",203
37958983,16-20,Male,High school,"Business Studies, Management Science",0-2 years,Unemployed,Bangladesh,Bengali,English,Computers and Electronics,Games,1,4,1,1,1,2,1,No,"'fo,a9,us,go,bi,sm,so,ch,a8,po,de'",159
38301725,46-50,Male,High school,Natural Sciences,more than 10 years,Tradesman/craftsman,Serbia,Serbian,English,Sports,Computers and Electronics,4,3,3,3,2,2,2,No,"'so,po,bi,us,sm,ch,de,fo,a8,go,a9'",112
38341020,36-40,Female,Doctoral studies,"Business Studies, Management Science",more than 10 years,Executive/managerial,Turkey,Turkish,English,Business and Industrial,Finance,5,5,5,5,5,5,4,Yes,"'a9,fo,go,de,so,sm,ch,us,po,bi,a8'",204
38418771,31-35,Female,University,Other Areas of Study,5-10 years,Writer,Brazil,Portuguese,English,Home and Garden,Food and Drink,4,4,5,4,3,5,3,Yes,"'a8,fo,de,sm,a9,us,bi,go,so,ch,po'",110
38419350,46-50,Male,University,Other Areas of Study,more than 10 years,Retired,Ukraine,Ukrainian,Russian,Autos and Vehicles,Home and Garden,5,3,3,4,5,3,4,Yes,"'de,bi,sm,fo,a9,ch,so,us,po,a8,go'",418
38435219,26-30,Female,University,Social Sciences,5-10 years,Executive/managerial,Brazil,Portuguese,English,Food and Drink,Pets and Animals,4,5,5,4,3,5,5,Yes,"'ch,po,go,bi,us,sm,so,a8,fo,de,a9'",186
38443245,26-30,Male,High school,"Education, Teacher Training",2-5 years,Artist,Germany,English,Filipino,Food and Drink,Finance,4,4,4,3,2,5,4,Yes,"'so,sm,a9,de,go,fo,po,ch,a8,us,bi'",13
38775014,21-25,Female,University,Medical Sciences,0-2 years,Doctor/health care,Venezuela,Spanish,English,Food and Drink,Shopping,1,2,3,5,1,3,5,No,"'a9,us,bi,so,po,go,ch,sm,a8,fo,de'",164
39134099,31-35,Male,University,Other Areas of Study,5-10 years,Technician/engineer,India,English,Bengali,Sports,Food and Drink,5,5,5,3,5,5,4,Yes,"'de,us,fo,po,a8,a9,go,sm,so,ch,bi'",185
39230656,31-35,Male,University,"Engineering, Technology",5-10 years,Technician/engineer,Indonesia,Indonesian,Indonesian,Internet and Telecom,Computers and Electronics,3,5,3,3,4,5,4,Yes,"'sm,go,so,de,ch,us,bi,fo,po,a9,a8'",183
39318547,46-50,Male,Doctoral studies,Medical Sciences,more than 10 years,Doctor/health care,Greece,Greek,Greek,People and Society,Home and Garden,5,5,5,5,5,5,5,No,"'de,ch,bi,go,a8,so,sm,fo,po,us,a9'",75
39320079,31-35,Male,University,Communication and Information Sciences,5-10 years,Sales/marketing,Philippines,Filipino,English,Hobbies and Leisure,Business and Industrial,4,3,3,2,3,4,2,Yes,"'a8,bi,fo,a9,go,us,ch,sm,po,so,de'",162
39535333,31-35,Male,High school,"Engineering, Technology",5-10 years,Self-employed,Serbia,Serbian,English,Computers and Electronics,Autos and Vehicles,4,4,3,2,1,3,3,Yes,"'bi,sm,a8,a9,ch,po,us,de,fo,go,so'",164
39696764,31-35,Male,University,Social Sciences,5-10 years,Academic/educator,Serbia,Serbian,English,Sports,Books and Literature,5,4,4,4,4,3,5,Yes,"'so,a9,de,fo,po,us,bi,a8,ch,sm,go'",140
39928406,21-25,Female,University,"Engineering, Technology",0-2 years,Technician/engineer,Philippines,English,Filipino,Travel,Shopping,2,4,4,3,2,5,3,Yes,"'bi,go,a9,ch,po,sm,us,a8,de,fo,so'",167
40017708,21-25,Male,University,"Business Studies, Management Science",2-5 years,Executive/managerial,India,Tamil,English,Finance,Sports,5,4,4,3,3,5,4,Yes,"'a9,de,go,so,ch,a8,us,fo,bi,sm,po'",158
40065101,21-25,Male,University,"Geography, Geology",2-5 years,Executive/managerial,India,Bengali,English,Jobs and Education,Games,5,5,3,1,1,5,1,Yes,"'ch,a9,us,sm,bi,po,so,go,a8,fo,de'",169
40306817,41-45,Male,University,"Education, Teacher Training",more than 10 years,Technician/engineer,Romania,Romanian,English,Hobbies and Leisure,Computers and Electronics,2,3,2,2,2,2,2,No,"'po,so,us,go,bi,a9,ch,sm,de,a8,fo'",93
40389433,26-30,Male,University,Natural Sciences,2-5 years,Scientist,Venezuela,Spanish,English,Science,Travel,3,3,2,4,2,3,3,No,"'go,bi,a8,de,so,ch,us,a9,po,sm,fo'",466
40613399,21-25,Male,University,"Engineering, Technology",0-2 years,College/grad student,India,Hindi,Bengali,Business and Industrial,Hobbies and Leisure,5,5,5,5,5,5,5,Yes,"'a9,bi,a8,ch,de,fo,po,sm,us,so,go'",192
40652679,31-35,Female,High school,Other Areas of Study,0-2 years,Unemployed,Italy,Italian,English,Home and Garden,Food and Drink,3,3,3,3,2,3,3,Yes,"'so,a8,bi,go,sm,us,de,po,a9,fo,ch'",142
40723897,21-25,Female,University,"Business Studies, Management Science",2-5 years,Sales/marketing,Ukraine,Ukrainian,Russian,Beauty and Fitness,Internet and Telecom,3,1,2,4,1,3,4,Yes,"'bi,de,fo,so,sm,po,ch,go,a9,us,a8'",316
40725179,26-30,Male,University,"Engineering, Technology",2-5 years,Technician/engineer,United states,English,Spanish,Books and Literature,Science,4,3,1,3,2,4,3,Yes,"'bi,po,go,so,us,a9,a8,fo,de,ch,sm'",154
40853562,16-20,Male,University,Art and Design,0-2 years,Artist,Brazil,Albanian,Albanian,Autos and Vehicles,Autos and Vehicles,3,3,2,3,3,3,2,Yes,"'fo,bi,ch,sm,a9,go,a8,so,po,de,us'",74
40862285,31-35,Male,University,"Business Studies, Management Science",5-10 years,Technician/engineer,Russia,Russian,English,Hobbies and Leisure,Games,3,2,3,4,5,3,4,Yes,"'bi,sm,fo,so,ch,us,a8,po,a9,go,de'",148
40885546,26-30,Male,University,"Engineering, Technology",2-5 years,Programmer,Philippines,Filipino,English,Computers and Electronics,Food and Drink,3,4,4,4,3,4,2,Yes,"'ch,so,a8,fo,go,sm,bi,a9,us,po,de'",300
41352617,46-50,Male,University,"Engineering, Technology",more than 10 years,Technician/engineer,Romania,Romanian,English,Internet and Telecom,Arts and Entertainment,3,4,3,3,3,3,3,No,"'bi,so,de,po,a9,us,go,fo,ch,sm,a8'",226
41675483,26-30,Male,University,Natural Sciences,0-2 years,Academic/educator,Serbia,Serbian,English,Arts and Entertainment,Sports,5,3,3,4,4,4,5,Yes,"'sm,so,ch,po,go,bi,us,fo,a9,de,a8'",124
41807814,26-30,Female,University,"Education, Teacher Training",2-5 years,Academic/educator,,Spanish,English,Beauty and Fitness,Home and Garden,1,3,3,2,2,3,3,No,"'bi,go,a8,us,fo,sm,ch,so,a9,po,de'",355
41994429,31-35,Male,University,"Business Studies, Management Science",more than 10 years,Programmer,Indonesia,Indonesian,English,Computers and Electronics,News,4,5,4,4,4,5,5,Yes,"'so,fo,ch,a8,go,de,us,a9,po,bi,sm'",203
42126087,26-30,Female,University,Social Sciences,2-5 years,Self-employed,Greece,Malay,English,Online Communities,People and Society,4,5,5,5,5,5,5,Yes,"'us,so,de,fo,po,a9,go,ch,a8,bi,sm'",254
42290545,21-25,Male,University,"Engineering, Technology",0-2 years,Technician/engineer,Indonesia,Indonesian,Indonesian,Business and Industrial,Autos and Vehicles,4,4,4,4,3,4,4,Yes,"'a8,bi,sm,go,so,fo,us,ch,de,po,a9'",197
42356188,21-25,Male,University,"Geography, Geology",0-2 years,Technician/engineer,United states,English,Spanish,Sports,Science,5,3,1,5,1,4,2,Yes,"'ch,go,so,de,a9,bi,sm,po,us,fo,a8'",128
42557795,26-30,Male,University,"Mathematics, Informatics",2-5 years,Self-employed,India,Hindi,English,Jobs and Education,Sports,4,4,4,3,2,4,3,Yes,"'bi,so,de,a8,a9,fo,po,sm,go,ch,us'",201
42732295,21-25,Female,University,Natural Sciences,0-2 years,Sport professional,Egypt,Arabic,English,Business and Industrial,Internet and Telecom,5,4,3,3,3,4,4,Yes,"'so,sm,a8,us,ch,a9,go,de,po,fo,bi'",319
43089441,26-30,Female,University,"Education, Teacher Training",2-5 years,Self-employed,Russia,Russian,Russian,Food and Drink,Hobbies and Leisure,3,3,3,3,3,3,3,Yes,"'bi,sm,de,po,a9,so,fo,go,a8,ch,us'",86
43150296,26-30,Male,University,"Engineering, Technology",5-10 years,Technician/engineer,India,Hindi,English,Computers and Electronics,Travel,4,4,2,2,4,4,3,Yes,"'po,so,ch,sm,fo,go,de,a8,a9,bi,us'",121
43196680,21-25,Male,University,Art and Design,2-5 years,Executive/managerial,Philippines,Filipino,English,Sports,Games,4,4,4,3,3,4,5,Yes,"'a9,ch,us,a8,bi,sm,go,so,fo,de,po'",176
4324324,16-20,Female,School,Communication and Information Sciences,2-5 years,Sport professional,Spain,Czech,Albanian,Pets and Animals,People and Society,2,1,1,3,1,2,1,No,"'go,po,a8,so,fo,de,bi,sm,a9,us,ch'",9
43317565,16-20,Male,High school,Communication and Information Sciences,more than 10 years,Unemployed,Venezuela,Catalan,English,People and Society,Pets and Animals,5,4,3,2,1,2,2,Yes,"'de,us,ch,fo,a8,go,sm,a9,so,bi,po'",159
4334234,under 16 ,Male,School,Agriculture Sciences,0-2 years,Academic/educator,Bangladesh,Afrikaans,Afrikaans,Arts and Entertainment,Arts and Entertainment,1,1,1,1,2,2,1,Yes,"'po,a9,a8,sm,ch,de,bi,so,fo,go,us'",390
43355704,31-35,Male,University,Communication and Information Sciences,5-10 years,Tradesman/craftsman,Turkey,Turkish,English,Computers and Electronics,People and Society,5,5,5,5,5,5,5,Yes,"'so,fo,a8,go,us,sm,de,ch,bi,a9,po'",168
43404393,31-35,Male,University,"Engineering, Technology",5-10 years,Unemployed,Turkey,Turkish,English,Computers and Electronics,Games,3,4,2,3,3,4,3,Yes,"'bi,so,po,fo,de,a9,ch,us,a8,sm,go'",91
43434027,21-25,Female,Doctoral studies,"Education, Teacher Training",2-5 years,Academic/educator,Venezuela,Spanish,English,Beauty and Fitness,Arts and Entertainment,1,2,1,3,2,3,1,Yes,"'sm,ch,fo,a9,de,so,go,po,bi,us,a8'",90
43438357,16-20,Male,High school,Other Areas of Study,0-2 years,Technician/engineer,Venezuela,Spanish,English,Computers and Electronics,People and Society,2,3,5,2,2,3,4,Yes,"'go,po,a8,so,sm,fo,de,a9,us,ch,bi'",162
43512545,36-40,Male,University,"Engineering, Technology",5-10 years,Programmer,Germany,German,English,Computers and Electronics,Science,2,4,2,4,3,3,2,No,"'de,fo,a8,go,po,bi,ch,so,us,a9,sm'",108
435345435,under 16 ,Male,School,"Sciences Architecture, Urban and Regional Planning",2-5 years,Academic/educator,Bangladesh,Afrikaans,Afrikaans,Arts and Entertainment,Arts and Entertainment,1,1,1,2,1,1,1,No,"'a9,a8,bi,po,de,so,ch,go,us,sm,fo'",39
43544385,21-25,Female,High school,"Business Studies, Management Science",0-2 years,Scientist,Venezuela,English,Latin,Autos and Vehicles,Books and Literature,3,3,2,4,5,2,2,No,"'de,a9,go,so,a8,us,bi,ch,po,fo,sm'",281
43591404,21-25,Female,University,"Engineering, Technology",0-2 years,Scientist,Venezuela,Spanish,English,News,Autos and Vehicles,5,4,4,1,2,5,1,Yes,"'a9,bi,us,a8,ch,sm,so,fo,de,po,go'",169
43603089,26-30,Male,University,"Engineering, Technology",5-10 years,Executive/managerial,Egypt,Arabic,English,Games,Autos and Vehicles,4,4,2,2,3,4,4,Yes,"'fo,a9,ch,us,go,po,a8,bi,sm,so,de'",133
43619426,21-25,Male,University,"Education, Teacher Training",0-2 years,Academic/educator,Egypt,Arabic,Arabic,Jobs and Education,Jobs and Education,4,4,4,5,3,5,5,No,"'fo,de,go,ch,sm,so,bi,us,po,a8,a9'",139
43650017,31-35,Male,University,Other Areas of Study,0-2 years,College/grad student,Venezuela,English,Spanish,Arts and Entertainment,Computers and Electronics,4,4,4,4,5,4,4,Yes,"'so,ch,bi,a8,po,a9,go,fo,de,sm,us'",160
43650202,26-30,Male,University,"Education, Teacher Training",2-5 years,Sales/marketing,Egypt,Arabic,English,Sports,Games,4,3,2,2,4,3,3,Yes,"'de,bi,us,ch,go,a8,sm,so,fo,po,a9'",361
43679833,over 60,Female,University,"Engineering, Technology",more than 10 years,Programmer,Ukraine,Ukrainian,Russian,Computers and Electronics,Sports,2,4,3,4,2,3,4,Yes,"'de,bi,fo,a9,po,ch,sm,us,so,a8,go'",325
43683312,46-50,Male,University,Communication and Information Sciences,more than 10 years,Executive/managerial,Russia,Russian,English,Computers and Electronics,Books and Literature,3,4,2,4,4,3,3,Yes,"'a8,us,fo,a9,de,bi,sm,ch,go,so,po'",134
43706907,16-20,Male,University,Communication and Information Sciences,0-2 years,Academic/educator,Venezuela,Spanish,English,Arts and Entertainment,Autos and Vehicles,5,5,5,5,5,5,5,No,"'us,a8,po,de,bi,go,so,ch,a9,fo,sm'",82
43715135,41-45,Male,University,Art and Design,more than 10 years,Sales/marketing,Venezuela,Spanish,,Arts and Entertainment,Computers and Electronics,3,4,3,3,4,3,2,Yes,"'de,so,bi,fo,go,a8,sm,po,a9,us,ch'",162
43723043,26-30,Male,University,"Engineering, Technology",5-10 years,Technician/engineer,Indonesia,Indonesian,English,Science,Games,5,4,4,5,4,4,5,Yes,"'a8,ch,bi,so,sm,a9,fo,go,us,de,po'",144
43772050,41-45,Male,University,"Education, Teacher Training",more than 10 years,Academic/educator,Venezuela,Spanish,English,Jobs and Education,Games,4,3,1,3,2,3,3,Yes,"'sm,fo,de,so,po,ch,go,a8,us,bi,a9'",209
43805853,46-50,Male,Doctoral studies,Medical Sciences,more than 10 years,Doctor/health care,Greece,English,Greek,Jobs and Education,Home and Garden,5,5,3,5,5,5,5,Yes,"'fo,us,de,po,a8,ch,bi,a9,so,go,sm'",127
43808038,16-20,Male,University,Languages and Philological Sciences,0-2 years,College/grad student,Egypt,English,French,Games,Travel,5,5,5,5,5,5,5,Yes,"'de,so,sm,us,go,bi,ch,fo,po,a9,a8'",73
43811497,31-35,Male,University,Other Areas of Study,more than 10 years,Sport professional,Egypt,Arabic,English,Beauty and Fitness,Jobs and Education,5,4,3,3,4,5,4,Yes,"'de,fo,us,go,ch,po,bi,a9,a8,so,sm'",266
43830774,51-55,Female,High school,"Business Studies, Management Science",more than 10 years,Unemployed,Italy,Italian,English,Books and Literature,Home and Garden,3,4,4,3,4,3,3,No,"'so,us,bi,fo,de,a9,go,a8,po,ch,sm'",144
43844162,26-30,Female,University,"Business Studies, Management Science",0-2 years,Academic/educator,Serbia,Serbian,English,Business and Industrial,Finance,1,3,5,3,2,5,3,Yes,"'so,a8,po,de,us,a9,bi,go,sm,ch,fo'",265
43851199,36-40,Male,University,Agriculture Sciences,5-10 years,Tradesman/craftsman,Venezuela,Spanish,Spanish,,Travel,1,3,3,2,,3,2,Yes,"'sm,ch,a9,bi,fo,us,a8,po,go,so,de'",242
43852671,21-25,Female,University,"Mathematics, Informatics",0-2 years,College/grad student,Venezuela,Spanish,English,Jobs and Education,Computers and Electronics,4,5,4,3,5,5,5,Yes,"'a8,us,sm,go,po,so,de,fo,a9,ch,bi'",146
43872364,21-25,Male,Doctoral studies,"Geography, Geology",5-10 years,Doctor/health care,United states,Croatian,Bhojpuri,Home and Garden,Jobs and Education,3,4,4,2,5,1,4,Yes,"'fo,a9,de,us,a8,go,so,po,ch,bi,sm'",311
43875187,21-25,Male,University,"Engineering, Technology",0-2 years,Technician/engineer,Venezuela,Spanish,English,Sports,Autos and Vehicles,4,3,2,3,3,4,2,No,"'fo,de,so,ch,go,sm,bi,us,a8,po,a9'",347
43876395,21-25,Male,School,"Business Studies, Management Science",5-10 years,College/grad student,Brazil,Arabic,Bengali,Beauty and Fitness,Books and Literature,3,3,3,2,3,2,2,Yes,"'a9,a8,po,us,go,fo,so,bi,de,sm,ch'",256
43888560,21-25,Male,University,Law,0-2 years,Lawyer,Egypt,Arabic,English,Law and Government,Arts and Entertainment,3,3,2,3,2,2,3,Yes,"'fo,bi,so,a8,go,po,a9,de,ch,sm,us'",398
43890521,21-25,Male,University,Social Sciences,0-2 years,Unemployed,Egypt,Arabic,English,Computers and Electronics,Internet and Telecom,3,4,3,3,4,4,4,Yes,"'bi,us,a8,a9,sm,fo,ch,so,go,de,po'",243
43914982,21-25,Male,University,Medical Sciences,0-2 years,Unemployed,Bosnia-herzegovina,Bosnian,English,Sports,Travel,4,3,3,4,3,4,5,No,"'a8,ch,po,bi,a9,us,fo,sm,de,so,go'",115
43916099,26-30,Female,University,Social Sciences,0-2 years,Self-employed,Egypt,Arabic,Persian/Farsi,Online Communities,Arts and Entertainment,1,3,3,1,1,4,5,No,"'a8,fo,ch,sm,a9,bi,go,po,us,de,so'",263
43924654,16-20,Male,School,Art and Design,2-5 years,Programmer,United states,Arabic,Afrikaans,Autos and Vehicles,,2,3,,1,1,2,3,Yes,"'sm,a9,go,ch,de,us,a8,bi,po,fo,so'",96
43931697,56-60,Male,University,"Business Studies, Management Science",more than 10 years,Technician/engineer,Venezuela,Latin,English,Food and Drink,Computers and Electronics,4,3,3,3,4,3,3,No,"'sm,so,a8,fo,us,bi,go,po,de,a9,ch'",126
43956966,26-30,Male,University,Communication and Information Sciences,2-5 years,Technician/engineer,Egypt,Arabic,English,Sports,Games,4,3,4,3,3,5,5,No,"'so,sm,de,ch,go,bi,po,us,a8,fo,a9'",144
43971827,26-30,Male,High school,Other Areas of Study,more than 10 years,Customer service,Venezuela,Spanish,English,Arts and Entertainment,Autos and Vehicles,2,3,2,2,2,3,1,Yes,"'go,po,a9,sm,bi,so,ch,de,a8,us,fo'",184
43975153,21-25,Male,University,"Engineering, Technology",0-2 years,Technician/engineer,Venezuela,Spanish,English,Computers and Electronics,Internet and Telecom,3,4,3,3,2,5,4,Yes,"'go,us,a8,so,po,sm,bi,ch,de,a9,fo'",251
43977588,21-25,Male,University,"Geography, Geology",0-2 years,Technician/engineer,Venezuela,Spanish,English,Sports,Travel,5,3,2,3,4,4,3,Yes,"'de,a8,a9,us,bi,so,sm,po,fo,ch,go'",248
43978656,26-30,Male,University,Communication and Information Sciences,5-10 years,Technician/engineer,Brazil,Portuguese,English,Computers and Electronics,Games,5,4,3,4,2,4,3,No,"'bi,a9,fo,de,ch,po,go,a8,us,so,sm'",166
43985358,16-20,Male,University,Law,2-5 years,Lawyer,Venezuela,Spanish,English,Law and Government,News,4,3,1,1,4,4,3,No,"'a9,a8,ch,fo,so,bi,sm,po,go,us,de'",93
43995921,46-50,Male,University,Medical Sciences,more than 10 years,Self-employed,Egypt,Arabic,English,Games,Sports,2,2,2,2,2,2,2,No,"'a9,de,so,a8,bi,ch,sm,po,us,go,fo'",288
44003207,26-30,Male,University,Social Sciences,0-2 years,Unemployed,Egypt,Arabic,Arabic,Sports,Sports,3,3,3,3,3,5,3,Yes,"'ch,sm,a9,po,so,us,bi,a8,de,go,fo'",200
44020068,21-25,Male,School,"Engineering, Technology",2-5 years,Technician/engineer,Bangladesh,Cebuano,Danish,Real Estate,Pets and Animals,1,1,2,5,5,2,2,Yes,"'ch,us,so,bi,go,de,sm,po,fo,a9,a8'",64
44024097,21-25,Male,University,"Business Studies, Management Science",2-5 years,College/grad student,Venezuela,Spanish,Albanian,Real Estate,Real Estate,4,4,4,3,3,2,2,Yes,"'fo,sm,a8,bi,de,ch,so,po,a9,us,go'",95
44036014,21-25,Male,University,"Engineering, Technology",0-2 years,College/grad student,Venezuela,Spanish,English,Autos and Vehicles,Computers and Electronics,3,4,2,3,3,5,4,Yes,"'us,go,sm,de,po,a8,bi,a9,fo,ch,so'",160
44041530,21-25,Male,University,"Engineering, Technology",2-5 years,Programmer,Venezuela,Latin,English,Games,Computers and Electronics,3,5,3,4,3,5,3,Yes,"'fo,ch,sm,po,bi,go,de,us,so,a8,a9'",180
44046423,31-35,Male,High school,Other Areas of Study,more than 10 years,Artist,Venezuela,Spanish,English,Sports,Arts and Entertainment,5,3,3,3,4,4,3,Yes,"'go,de,a9,sm,so,fo,ch,bi,us,po,a8'",526
44052598,46-50,Male,Doctoral studies,Natural Sciences,more than 10 years,Doctor/health care,Greece,English,Greek,Arts and Entertainment,Computers and Electronics,5,5,5,5,5,5,5,Yes,"'go,po,de,a9,a8,sm,us,ch,bi,fo,so'",190
44054607,26-30,Female,University,Social Sciences,5-10 years,Academic/educator,Venezuela,English,English,Pets and Animals,People and Society,3,3,3,3,3,3,3,Yes,"'bi,us,sm,de,a8,a9,po,go,ch,fo,so'",336
44059788,26-30,Female,University,Law,0-2 years,Unemployed,Bosnia-herzegovina,Bosnian,English,Finance,Arts and Entertainment,1,1,3,4,3,3,3,Yes,"'us,ch,go,de,a8,po,fo,bi,sm,so,a9'",214
44060842,21-25,Male,University,Other Areas of Study,0-2 years,Self-employed,Venezuela,Spanish,English,Computers and Electronics,Food and Drink,2,4,5,2,1,3,2,Yes,"'us,sm,a8,bi,so,a9,go,fo,po,ch,de'",203
44061018,21-25,Female,University,Other Areas of Study,2-5 years,Artist,Venezuela,Spanish,English,Arts and Entertainment,Games,5,5,5,5,2,5,4,Yes,"'po,us,a8,sm,go,a9,fo,so,bi,de,ch'",210
44071327,21-25,Female,University,"Business Studies, Management Science",0-2 years,College/grad student,Venezuela,Spanish,Italian,Arts and Entertainment,Games,1,2,1,2,2,4,2,Yes,"'bi,po,de,go,us,a9,a8,ch,so,fo,sm'",318
44072548,26-30,Male,University,Social Sciences,2-5 years,Sport professional,Venezuela,Spanish,English,Autos and Vehicles,Food and Drink,5,1,3,4,3,3,4,Yes,"'de,bi,a9,sm,so,ch,po,fo,us,a8,go'",199
44078001,26-30,Male,University,Other Areas of Study,more than 10 years,Self-employed,Venezuela,Spanish,Spanish,Games,News,5,5,3,5,1,1,1,Yes,"'us,ch,fo,po,de,sm,so,bi,a9,go,a8'",946
44081412,46-50,Male,School,Other Areas of Study,5-10 years,Artist,Serbia,Serbian,English,Arts and Entertainment,Computers and Electronics,3,3,3,3,3,3,3,Yes,"'us,a8,go,bi,po,so,de,fo,a9,sm,ch'",125
44092448,21-25,Male,University,"Engineering, Technology",0-2 years,Self-employed,Venezuela,Spanish,English,Games,Business and Industrial,4,5,3,3,2,5,3,Yes,"'a9,de,so,ch,bi,go,a8,fo,sm,us,po'",181
44093252,46-50,Male,School,Art and Design,5-10 years,Artist,Serbia,Serbian,Croatian,Arts and Entertainment,Beauty and Fitness,3,4,3,3,2,3,3,Yes,"'so,a8,us,go,bi,a9,sm,po,ch,de,fo'",289
44101166,21-25,Female,University,Medical Sciences,0-2 years,Doctor/health care,Egypt,Arabic,English,Internet and Telecom,Beauty and Fitness,4,3,5,3,3,4,4,Yes,"'bi,ch,fo,go,so,po,de,a9,sm,a8,us'",153
44106662,26-30,Male,University,Social Sciences,0-2 years,Unemployed,Egypt,Arabic,Arabic,Real Estate,Games,3,3,3,3,3,4,3,No,"'de,fo,a9,ch,po,so,us,go,bi,sm,a8'",238
44111844,26-30,Male,University,Art and Design,2-5 years,Self-employed,India,Telugu,English,Arts and Entertainment,Sports,4,3,3,4,4,4,2,Yes,"'po,ch,a8,us,sm,fo,de,go,a9,so,bi'",139
44116912,26-30,Male,High school,Other Areas of Study,5-10 years,Unemployed,Venezuela,Spanish,English,Jobs and Education,Sports,3,5,1,2,2,4,4,Yes,"'so,po,us,de,fo,bi,sm,a9,a8,go,ch'",176
44128081,31-35,Male,University,"Engineering, Technology",5-10 years,Technician/engineer,Venezuela,Spanish,English,Autos and Vehicles,Computers and Electronics,4,4,2,3,2,4,4,Yes,"'a9,go,bi,fo,a8,po,ch,so,sm,us,de'",188
44137296,26-30,Male,High school,Art and Design,2-5 years,Doctor/health care,United states,English,Spanish,Business and Industrial,People and Society,4,2,4,2,4,3,3,Yes,"'go,po,so,us,a9,ch,a8,de,sm,fo,bi'",87
44141812,21-25,Male,University,"Mathematics, Informatics",0-2 years,Self-employed,Venezuela,Spanish,English,Arts and Entertainment,Beauty and Fitness,4,3,4,2,4,1,1,No,"'sm,so,ch,a8,de,fo,go,bi,us,a9,po'",158
44146936,21-25,Male,University,Languages and Philological Sciences,0-2 years,Self-employed,Egypt,Arabic,English,Finance,Jobs and Education,2,1,3,1,3,4,2,Yes,"'fo,so,ch,a8,go,po,us,a9,de,sm,bi'",122
44156436,26-30,Male,University,Agriculture Sciences,more than 10 years,Farmer,Spain,Spanish,English,Science,News,5,5,5,5,5,5,5,Yes,"'a9,po,fo,so,go,us,a8,sm,de,bi,ch'",277
44167774,26-30,Female,University,Agriculture Sciences,0-2 years,Academic/educator,Venezuela,Spanish,English,Arts and Entertainment,Beauty and Fitness,1,1,1,2,1,1,1,Yes,"'a8,so,ch,po,a9,go,fo,sm,us,bi,de'",67
44168065,21-25,Male,High school,Other Areas of Study,0-2 years,Unemployed,Venezuela,English,French,Arts and Entertainment,Autos and Vehicles,3,3,1,1,2,3,2,Yes,"'ch,go,a8,de,so,sm,bi,fo,us,po,a9'",219
44168544,36-40,Male,Doctoral studies,Law,5-10 years,Lawyer,United states,English,Spanish,Internet and Telecom,Arts and Entertainment,1,3,3,,3,4,2,No,"'a8,a9,go,po,bi,ch,de,us,so,sm,fo'",286
44171294,26-30,Male,High school,"Mathematics, Informatics",2-5 years,Retired,Brazil,Czech,Chinese,Online Communities,Jobs and Education,3,2,2,1,4,3,2,Yes,"'de,po,a9,go,fo,us,so,sm,ch,bi,a8'",138
44172640,16-20,Male,University,Social Sciences,0-2 years,Academic/educator,United states,English,Spanish,Sports,Travel,5,5,4,4,5,4,4,Yes,"'ch,a9,so,a8,fo,us,sm,po,bi,de,go'",96
44180646,16-20,Male,University,Other Areas of Study,0-2 years,Unemployed,Venezuela,Spanish,English,Computers and Electronics,Games,3,4,3,2,4,4,3,Yes,"'go,de,po,a9,so,us,sm,a8,bi,fo,ch'",120
44180779,31-35,Male,High school,Other Areas of Study,5-10 years,Farmer,Romania,Romanian,English,Computers and Electronics,People and Society,5,4,4,4,4,4,4,Yes,"'po,bi,us,a9,sm,so,a8,ch,fo,go,de'",12
44180838,26-30,Male,Doctoral studies,"Engineering, Technology",2-5 years,Programmer,Venezuela,English,French,Computers and Electronics,Internet and Telecom,5,5,2,5,3,4,1,Yes,"'a8,fo,sm,go,ch,us,de,bi,po,so,a9'",301
44182770,16-20,Male,Doctoral studies,Communication and Information Sciences,2-5 years,Lawyer,Venezuela,Spanish,Spanish,Law and Government,News,4,3,5,3,2,3,4,Yes,"'po,bi,ch,de,sm,fo,go,a9,a8,us,so'",64
44185106,21-25,Male,University,"Business Studies, Management Science",0-2 years,College/grad student,Bangladesh,Bengali,English,Computers and Electronics,Internet and Telecom,4,4,3,3,4,4,4,Yes,"'a9,ch,fo,bi,a8,po,de,so,sm,us,go'",104
44186816,26-30,Female,University,"Business Studies, Management Science",5-10 years,Homemaker,Russia,Russian,English,Beauty and Fitness,Travel,2,2,3,3,1,2,3,Yes,"'so,po,bi,de,sm,a9,fo,a8,us,ch,go'",150
44192232,31-35,Female,University,"Engineering, Technology",2-5 years,Technician/engineer,India,Hindi,English,Finance,Food and Drink,3,4,2,2,3,3,3,Yes,"'a9,ch,de,a8,fo,go,us,sm,so,bi,po'",105
44195766,26-30,Male,University,"Business Studies, Management Science",2-5 years,Sales/marketing,Russia,Russian,French,Autos and Vehicles,Hobbies and Leisure,4,3,3,4,5,3,3,Yes,"'a9,so,de,ch,a8,sm,bi,po,go,us,fo'",116
44197979,21-25,Male,University,"Engineering, Technology",0-2 years,Programmer,India,Hindi,English,Food and Drink,Games,2,5,2,2,1,3,3,No,"'a9,sm,ch,fo,so,bi,de,us,a8,go,po'",114
44211835,16-20,Male,University,Natural Sciences,2-5 years,Academic/educator,United states,English,Spanish,Autos and Vehicles,Business and Industrial,2,2,3,4,1,4,2,No,"'po,bi,a9,go,de,a8,sm,ch,fo,us,so'",384
44219034,16-20,Male,University,"Business Studies, Management Science",0-2 years,Sales/marketing,Venezuela,Spanish,English,Business and Industrial,Computers and Electronics,3,4,2,3,3,2,3,No,"'go,a9,sm,a8,po,de,ch,so,us,bi,fo'",786
44235676,26-30,Female,University,Other Areas of Study,2-5 years,Sales/marketing,Venezuela,Spanish,English,Arts and Entertainment,Beauty and Fitness,3,3,4,2,3,3,4,Yes,"'bi,po,go,ch,sm,de,so,us,a9,a8,fo'",160
44239028,36-40,Male,University,"Engineering, Technology",more than 10 years,Executive/managerial,Russia,Russian,Belarusian,Food and Drink,Home and Garden,5,3,3,3,4,3,3,No,"'fo,us,so,po,a8,sm,go,a9,de,bi,ch'",90
44255676,21-25,Male,University,"Mathematics, Informatics",5-10 years,Self-employed,United states,Spanish,Spanish,Computers and Electronics,Games,3,4,1,2,3,4,2,Yes,"'po,ch,us,a8,so,sm,de,fo,go,bi,a9'",205
44259428,31-35,Male,University,"Engineering, Technology",more than 10 years,Technician/engineer,United states,English,Spanish,Computers and Electronics,Arts and Entertainment,4,4,3,3,2,3,3,Yes,"'po,a9,fo,go,us,ch,so,sm,a8,bi,de'",215
44260525,21-25,Female,University,"Education, Teacher Training",0-2 years,Unemployed,India,English,English,News,Games,3,3,3,4,3,3,4,Yes,"'po,ch,sm,bi,de,so,fo,a9,a8,go,us'",300
44263136,21-25,Female,High school,Natural Sciences,0-2 years,Unemployed,Indonesia,Spanish,English,Finance,Travel,2,4,4,3,4,5,4,Yes,"'de,a9,us,a8,bi,ch,go,so,fo,po,sm'",616
44263724,21-25,Male,University,Art and Design,0-2 years,Unemployed,Egypt,Arabic,English,Computers and Electronics,Hobbies and Leisure,1,1,2,2,2,3,3,Yes,"'sm,so,us,a9,ch,de,bi,fo,a8,po,go'",540
44270756,36-40,Female,University,Other Areas of Study,more than 10 years,Lawyer,Turkey,Turkish,English,Law and Government,Sports,5,5,5,5,5,5,5,Yes,"'a8,fo,po,go,sm,so,a9,ch,bi,de,us'",218
44272016,36-40,Male,Doctoral studies,Law,5-10 years,Lawyer,United states,English,English,Law and Government,Books and Literature,4,3,4,3,4,5,4,No,"'de,fo,sm,po,us,a8,so,bi,ch,go,a9'",121
44275488,16-20,Male,University,Languages and Philological Sciences,0-2 years,Farmer,United states,English,Spanish,News,Sports,4,3,2,4,3,5,1,Yes,"'de,fo,ch,sm,a9,so,bi,go,us,a8,po'",119
44280295,21-25,Male,High school,"Mathematics, Informatics",2-5 years,Tradesman/craftsman,Venezuela,Spanish,Spanish,Internet and Telecom,Games,1,5,1,1,1,5,1,Yes,"'sm,us,bi,a8,po,fo,so,de,ch,go,a9'",346
44283305,16-20,Male,High school,Art and Design,0-2 years,Self-employed,Bosnia-herzegovina,Arabic,Albanian,Beauty and Fitness,Autos and Vehicles,2,2,1,1,1,1,1,Yes,"'us,po,a9,so,bi,sm,a8,go,fo,ch,de'",9
44283307,16-20,Female,Doctoral studies,"Business Studies, Management Science",2-5 years,Self-employed,Bosnia-herzegovina,Croatian,Armenian,Books and Literature,Business and Industrial,5,4,2,1,2,2,2,Yes,"'de,bi,fo,so,us,ch,sm,a8,po,go,a9'",56
44288049,16-20,Male,High school,"Education, Teacher Training",0-2 years,College/grad student,India,Hindi,English,Games,Food and Drink,5,5,5,5,1,5,5,Yes,"'a8,de,so,ch,a9,go,sm,us,bi,fo,po'",271
44303394,under 16 ,Male,University,Art and Design,2-5 years,Artist,Bosnia-herzegovina,Cebuano,Albanian,Autos and Vehicles,Arts and Entertainment,4,1,1,1,1,1,1,Yes,"'de,a8,sm,go,so,po,bi,a9,ch,us,fo'",37
44306540,46-50,Male,Doctoral studies,"Business Studies, Management Science",2-5 years,Sales/marketing,United states,Armenian,Awadhi,Books and Literature,Beauty and Fitness,3,1,5,2,2,3,3,Yes,"'fo,po,so,ch,a9,go,a8,de,bi,us,sm'",60
44308059,26-30,Male,High school,Languages and Philological Sciences,5-10 years,Sales/marketing,Venezuela,English,English,Computers and Electronics,Finance,3,4,3,2,2,3,3,Yes,"'sm,po,de,ch,a9,so,us,bi,a8,go,fo'",160
44309284,26-30,Male,University,"Engineering, Technology",2-5 years,Technician/engineer,Venezuela,Spanish,English,Computers and Electronics,Internet and Telecom,4,5,3,4,3,5,5,Yes,"'fo,ch,us,a9,bi,so,a8,sm,go,po,de'",121
44310329,16-20,Male,University,"Engineering, Technology",0-2 years,College/grad student,India,Hindi,Chinese,Law and Government,Online Communities,1,1,3,3,2,2,3,Yes,"'so,us,bi,sm,de,ch,a8,fo,po,a9,go'",161
44313042,31-35,Male,University,Natural Sciences,more than 10 years,Farmer,Venezuela,Spanish,English,Autos and Vehicles,Autos and Vehicles,5,5,5,5,5,5,5,Yes,"'a9,fo,bi,so,de,us,ch,go,a8,po,sm'",281
44340771,41-45,Male,High school,"Engineering, Technology",more than 10 years,Technician/engineer,Bosnia-herzegovina,Bosnian,English,Computers and Electronics,Home and Garden,3,4,3,4,2,3,3,Yes,"'de,us,fo,ch,a9,go,a8,bi,so,sm,po'",186
44349619,26-30,Male,University,"Engineering, Technology",2-5 years,Sport professional,India,Hindi,English,Beauty and Fitness,Home and Garden,3,4,3,4,4,4,4,Yes,"'ch,go,sm,de,a8,a9,us,bi,fo,so,po'",181
44351065,21-25,Male,University,"Geography, Geology",0-2 years,College/grad student,India,Hindi,Oriya,Business and Industrial,Pets and Animals,2,2,2,3,3,2,3,No,"'a8,us,de,a9,go,sm,bi,so,fo,po,ch'",218
44363276,21-25,Male,University,Law,more than 10 years,Lawyer,United states,English,Portuguese,Travel,Hobbies and Leisure,5,,5,5,5,5,5,Yes,"'fo,de,po,ch,a8,bi,a9,sm,us,go,so'",235
44369730,41-45,Male,High school,"Mathematics, Informatics",0-2 years,Customer service,United states,English,Albanian,People and Society,Beauty and Fitness,4,2,5,2,2,1,2,Yes,"'so,de,a9,ch,fo,po,bi,go,us,sm,a8'",70
44387532,16-20,Female,University,"Engineering, Technology",0-2 years,Technician/engineer,United states,English,Spanish,Computers and Electronics,Computers and Electronics,2,4,3,2,1,5,5,Yes,"'fo,po,a9,ch,a8,go,us,sm,bi,so,de'",340
44404473,26-30,Male,University,Other Areas of Study,2-5 years,Sales/marketing,Egypt,Arabic,French,Games,News,5,3,2,1,3,5,4,Yes,"'a8,fo,de,a9,sm,ch,so,go,po,bi,us'",235
44436698,26-30,Male,University,Social Sciences,5-10 years,Sales/marketing,India,Hindi,English,Food and Drink,Computers and Electronics,3,3,2,4,4,4,3,No,"'sm,a9,bi,fo,go,us,so,ch,a8,po,de'",282
44438432,21-25,Male,University,"Engineering, Technology",0-2 years,Self-employed,India,Telugu,Hindi,Computers and Electronics,Games,3,4,3,4,5,5,3,Yes,"'bi,a9,go,fo,po,so,sm,a8,us,de,ch'",105
456586,21-25,Male,University,Communication and Information Sciences,2-5 years,Artist,Venezuela,Vietnamese,Croatian,Online Communities,Online Communities,2,3,4,5,3,4,5,Yes,"'a8,us,go,bi,sm,ch,a9,po,de,so,fo'",34
6366853,41-45,Male,University,"Sciences Architecture, Urban and Regional Planning",more than 10 years,Executive/managerial,Indonesia,Indonesian,English,Real Estate,Autos and Vehicles,4,5,5,4,5,3,4,Yes,"'fo,go,po,bi,a8,a9,us,de,so,sm,ch'",120
82728172781727,51-55,Male,Doctoral studies,"Sciences Architecture, Urban and Regional Planning",2-5 years,Sales/marketing,Bulgaria,Burmese,Cebuano,Computers and Electronics,Beauty and Fitness,4,2,4,4,1,2,5,Yes,"'fo,a8,po,bi,a9,us,go,so,ch,de,sm'",239
44045613,36-40,Male,University,Humanities,0-2 years,Sales/marketing,Venezuela,Spanish,English,Computers and Electronics,Beauty and Fitness,2,2,1,1,1,1,2,Yes,"'go,so,fo,a9,de,po,a8,sm,ch,bi,us'",117
ana_julia,21-25,Female,University,Medical Sciences,5-10 years,Tradesman/craftsman,,Spanish,English,Arts and Entertainment,Jobs and Education,5,4,4,4,3,5,5,Yes,"'so,a8,ch,bi,go,a9,us,de,sm,fo,po'",179
Carlos Galloni,21-25,Male,University,Social Sciences,2-5 years,Executive/managerial,Venezuela,English,Spanish,Science,Finance,4,4,2,3,4,4,4,No,"'us,fo,de,a8,ch,po,a9,go,sm,bi,so'",139
Jose,26-30,Male,University,Law,0-2 years,Lawyer,United states,English,Spanish,Books and Literature,Computers and Electronics,5,5,5,5,5,5,5,No,"'a8,po,fo,go,bi,us,so,a9,de,sm,ch'",14
juan machado,21-25,Male,University,"Business Studies, Management Science",0-2 years,College/grad student,Venezuela,Spanish,English,Jobs and Education,Pets and Animals,5,5,5,5,5,5,5,Yes,"'us,po,ch,a8,bi,so,sm,go,a9,fo,de'",200
juankarloz12,21-25,Male,University,Law,0-2 years,Sales/marketing,Venezuela,English,Vietnamese,News,Jobs and Education,4,4,5,3,4,5,4,Yes,"'de,so,bi,a9,sm,go,po,us,ch,fo,a8'",169
ramonatemplona,26-30,Female,University,Natural Sciences,0-2 years,College/grad student,Venezuela,Spanish,English,Pets and Animals,Beauty and Fitness,3,4,5,4,2,4,3,Yes,"'sm,bi,go,de,a9,so,us,po,fo,ch,a8'",182
Roniher,26-30,Male,University,"Engineering, Technology",2-5 years,Technician/engineer,Venezuela,Spanish,English,Autos and Vehicles,Internet and Telecom,5,5,1,2,2,3,1,Yes,"'a8,fo,us,go,so,bi,de,po,ch,sm,a9'",176
scarlett06,21-25,Female,University,"Mathematics, Informatics",0-2 years,College/grad student,Venezuela,Spanish,English,Science,Beauty and Fitness,3,4,4,4,2,4,5,Yes,"'so,fo,us,go,sm,a8,po,bi,de,ch,a9'",188
sonu,36-40,Male,School,Law,2-5 years,Homemaker,Indonesia,Bhojpuri,Bengali,Hobbies and Leisure,Food and Drink,3,1,2,3,2,2,2,Yes,"'bi,sm,go,ch,us,po,de,a9,fo,a8,so'",157
william,21-25,Male,High school,Medical Sciences,2-5 years,Lawyer,United states,English,English,Real Estate,Pets and Animals,5,5,5,5,5,5,5,Yes,"'a9,us,bi,a8,ch,go,so,sm,po,de,fo'",95
yaneissarivero,26-30,Female,University,Natural Sciences,2-5 years,College/grad student,Venezuela,Spanish,English,Arts and Entertainment,Arts and Entertainment,5,5,5,5,5,5,5,Yes,"'po,ch,go,de,bi,fo,a8,so,sm,a9,us'",149
42775365,36-40,Male,High school,Humanities,5-10 years,Self-employed,Venezuela,Spanish,English,Autos and Vehicles,Sports,3,3,1,4,3,4,3,No,"'bi,us,so,ch,a9,sm,po,a8,fo,de,go'",257
43072000,46-50,Male,University,Medical Sciences,more than 10 years,Self-employed,Egypt,Arabic,English,Sports,Science,5,5,3,4,5,4,4,Yes,"'fo,po,de,a9,sm,a8,ch,us,bi,so,go'",174
15851956,41-45,Male,University,Humanities,more than 10 years,Tradesman/craftsman,Bulgaria,Bulgarian,English,Autos and Vehicles,Pets and Animals,2,3,2,3,1,2,4,Yes,"'ch,fo,de,sm,a8,go,so,us,a9,bi,po'",306
41497039,46-50,Male,High school,Natural Sciences,more than 10 years,Tradesman/craftsman,Serbia,Serbian,English,Sports,Computers and Electronics,4,3,2,3,2,2,2,No,"'po,a8,us,a9,fo,sm,bi,ch,de,so,go'",36
43544386,26-30,Female,High school,Medical Sciences,2-5 years,Self-employed,Venezuela,English,Spanish,Autos and Vehicles,Home and Garden,2,3,1,2,2,4,2,Yes,"'fo,de,a8,us,sm,so,go,a9,bi,po,ch'",16
43617888,21-25,Male,Doctoral studies,"Mathematics, Informatics",2-5 years,Programmer,Italy,Italian,English,Beauty and Fitness,Computers and Electronics,5,5,4,3,2,3,2,Yes,"'fo,so,de,go,a9,a8,sm,bi,ch,po,us'",125
43711093,31-35,Male,University,Agriculture Sciences,2-5 years,Sales/marketing,Romania,Romanian,English,Autos and Vehicles,Computers and Electronics,3,4,2,4,5,3,2,No,"'ch,a8,po,go,so,us,fo,sm,a9,de,bi'",216
43752501,21-25,Male,University,"Engineering, Technology",0-2 years,Technician/engineer,Venezuela,Spanish,English,Travel,Hobbies and Leisure,4,4,3,5,3,3,4,Yes,"'fo,a9,go,po,bi,de,a8,ch,so,sm,us'",210
43928587,21-25,Male,University,"Business Studies, Management Science",2-5 years,College/grad student,Bangladesh,Bengali,English,Computers and Electronics,Travel,3,3,3,2,2,5,4,Yes,"'a9,so,a8,fo,ch,go,po,de,bi,us,sm'",307
44006945,21-25,Male,University,"Engineering, Technology",0-2 years,College/grad student,Venezuela,Spanish,English,Autos and Vehicles,Computers and Electronics,3,5,1,5,3,5,2,Yes,"'po,so,de,a9,go,a8,sm,ch,fo,us,bi'",84
44019065,21-25,Male,High school,Other Areas of Study,2-5 years,Technician/engineer,Egypt,Arabic,English,Games,Sports,4,2,3,2,3,2,4,No,"'ch,bi,fo,a8,a9,so,po,us,go,de,sm'",178
44041745,36-40,Male,University,"Engineering, Technology",more than 10 years,Executive/managerial,Philippines,Filipino,English,Travel,Shopping,5,4,4,3,3,4,4,Yes,"'de,bi,so,po,a9,sm,us,a8,ch,fo,go'",102
44045613,36-40,Female,University,"Business Studies, Management Science",5-10 years,Sales/marketing,Venezuela,Spanish,English,Business and Industrial,Finance,3,3,2,2,3,4,3,Yes,"'de,sm,us,ch,so,fo,a8,a9,go,po,bi'",187
desk,21-25,Female,University,"Education, Teacher Training",5-10 years,Academic/educator,Spain,Spanish,English,Beauty and Fitness,Home and Garden,5,3,4,3,4,4,4,Yes,"'us,a8,so,a9,de,fo,po,sm,go,ch,bi'",11
10264364,41-45,Female,University,Communication and Information Sciences,more than 10 years,Executive/managerial,Philippines,Filipino,English,Online Communities,Beauty and Fitness,1,3,4,3,3,4,3,No,"'a9,us,ch,bi,de,go,a8,fo,po,sm,so'",246
10390268,46-50,Female,University,"Business Studies, Management Science",more than 10 years,Technician/engineer,United states,English,English,Computers and Electronics,Internet and Telecom,5,5,4,3,4,4,4,No,"'a8,us,ch,go,so,fo,po,de,bi,a9,sm'",580
31968699,31-35,Female,High school,Other Areas of Study,more than 10 years,Executive/managerial,Russia,Russian,English,Arts and Entertainment,Hobbies and Leisure,3,2,3,3,3,3,3,Yes,"'so,de,ch,po,sm,bi,fo,a8,a9,us,go'",243
37085992,36-40,Female,University,"Business Studies, Management Science",more than 10 years,Unemployed,Serbia,Serbian,English,Computers and Electronics,Beauty and Fitness,3,3,4,3,3,4,4,No,"'go,ch,us,a9,a8,sm,de,so,fo,po,bi'",187
38443413,26-30,Male,University,"Business Studies, Management Science",0-2 years,Unemployed,Philippines,English,Filipino,Business and Industrial,Finance,3,5,5,3,2,5,4,Yes,"'go,sm,so,ch,us,a8,po,a9,de,bi,fo'",132
43739095,26-30,Male,University,Communication and Information Sciences,2-5 years,Self-employed,Venezuela,Spanish,English,Sports,Travel,4,1,1,2,4,2,2,Yes,"'fo,a9,de,so,ch,sm,go,us,po,bi,a8'",348
44031242,21-25,Male,High school,Other Areas of Study,2-5 years,Unemployed,Venezuela,Spanish,English,Games,Pets and Animals,4,4,3,3,4,5,4,Yes,"'ch,fo,sm,a9,bi,po,so,a8,de,go,us'",362
44041744,36-40,Male,University,"Engineering, Technology",more than 10 years,Executive/managerial,Philippines,Filipino,English,Travel,Food and Drink,4,4,4,3,3,4,3,Yes,"'so,de,bi,fo,ch,us,a9,a8,go,sm,po'",91
44076961,56-60,Male,University,"Engineering, Technology",more than 10 years,Technician/engineer,Serbia,Serbian,English,Computers and Electronics,Food and Drink,4,4,2,4,3,4,4,No,"'de,a9,fo,a8,sm,bi,so,ch,po,us,go'",81
44180228,26-30,Male,University,Communication and Information Sciences,2-5 years,Sales/marketing,Egypt,Arabic,Arabic,Internet and Telecom,Computers and Electronics,4,2,3,3,2,5,2,Yes,"'us,so,go,bi,po,a8,sm,fo,ch,a9,de'",229
12345,21-25,Male,University,Art and Design,0-2 years,Unemployed,Egypt,English,English,Online Communities,Business and Industrial,3,1,1,2,1,1,1,Yes,"'bi,so,a9,de,a8,ch,sm,po,go,us,fo'",132
16165566,46-50,Male,High school,"Engineering, Technology",more than 10 years,Retired,Romania,Romanian,French,Hobbies and Leisure,Hobbies and Leisure,3,3,2,3,2,3,3,No,"'fo,bi,a9,us,ch,de,so,sm,po,a8,go'",423
18290251,26-30,Female,University,"Engineering, Technology",2-5 years,Clerical/admin,Philippines,Filipino,English,Internet and Telecom,Hobbies and Leisure,3,4,3,2,2,4,3,No,"'so,de,po,sm,fo,ch,a8,go,a9,bi,us'",199
30177221,46-50,Male,University,"Engineering, Technology",more than 10 years,Artist,Bosnia-herzegovina,Bosnian,English,Computers and Electronics,Finance,5,4,3,4,3,4,5,Yes,"'fo,so,ch,bi,go,de,po,a9,a8,us,sm'",230
30406175,36-40,Male,University,"Engineering, Technology",more than 10 years,Technician/engineer,Romania,Romanian,English,Hobbies and Leisure,Autos and Vehicles,4,1,3,3,3,4,3,Yes,"'us,po,a8,de,bi,a9,ch,sm,so,fo,go'",1725
34260099,41-45,Male,University,Other Areas of Study,more than 10 years,College/grad student,Turkey,Turkish,English,Internet and Telecom,Computers and Electronics,5,4,4,4,4,4,4,Yes,"'go,de,us,fo,a9,po,ch,so,bi,a8,sm'",342
36725706,36-40,Male,University,Natural Sciences,more than 10 years,Scientist,Ukraine,Ukrainian,Russian,Sports,Online Communities,5,4,3,5,4,4,3,Yes,"'po,so,de,a9,fo,sm,us,go,bi,ch,a8'",702
38372558,31-35,Male,University,"Mathematics, Informatics",more than 10 years,Technician/engineer,Brazil,Portuguese,English,Sports,Travel,4,4,3,3,4,4,2,No,"'de,fo,a9,us,a8,bi,ch,go,so,po,sm'",160
40619945,16-20,Male,University,Other Areas of Study,2-5 years,Programmer,Russia,Russian,English,Books and Literature,Online Communities,3,3,3,4,5,5,4,Yes,"'ch,a8,fo,de,a9,sm,bi,us,go,so,po'",162
43125727,16-20,Male,University,"Engineering, Technology",0-2 years,Technician/engineer,Brazil,Portuguese,English,Sports,Finance,5,4,3,3,3,4,3,Yes,"'go,so,ch,us,fo,bi,po,sm,a9,a8,de'",465
43898158,41-45,Female,University,Art and Design,5-10 years,Executive/managerial,India,Hindi,English,Finance,Internet and Telecom,5,5,3,4,3,5,3,No,"'so,ch,a9,sm,fo,bi,us,a8,go,po,de'",244
43937765,36-40,Female,University,"Sciences Architecture, Urban and Regional Planning",more than 10 years,Executive/managerial,Ukraine,Ukrainian,Russian,Beauty and Fitness,Hobbies and Leisure,3,3,4,2,3,4,5,No,"'a8,a9,fo,go,so,ch,po,sm,bi,us,de'",243
44198456,26-30,Female,University,Art and Design,2-5 years,Customer service,Spain,Spanish,English,Hobbies and Leisure,Online Communities,2,2,4,2,1,2,4,Yes,"'go,de,sm,ch,bi,a9,po,us,so,fo,a8'",348
44236779,26-30,Male,University,Humanities,0-2 years,Self-employed,Venezuela,Spanish,,Books and Literature,Home and Garden,3,3,4,4,4,4,5,Yes,"'a8,po,us,de,fo,so,sm,go,bi,a9,ch'",477
44267465,36-40,Male,University,Communication and Information Sciences,2-5 years,Technician/engineer,,Ukrainian,Russian,Online Communities,Travel,1,4,3,2,2,3,3,No,"'go,fo,sm,ch,so,a9,po,us,a8,bi,de'",205
emd25192,26-30,Male,University,"Mathematics, Informatics",2-5 years,Scientist,United states,English,Spanish,Games,Computers and Electronics,5,5,1,4,1,1,3,No,"'so,a8,de,bi,ch,sm,po,fo,go,us,a9'",129
GURUPADA1234,16-20,Male,High school,"Education, Teacher Training",0-2 years,Unemployed,India,Bengali,Bengali,Sports,Games,2,2,3,2,2,4,3,Yes,"'sm,so,de,ch,a8,fo,go,a9,us,po,bi'",607
14218973,51-55,Female,High school,Medical Sciences,more than 10 years,Doctor/health care,Ukraine,Russian,Ukrainian,Pets and Animals,Food and Drink,2,1,3,3,2,3,4,Yes,"'bi,fo,a9,a8,po,us,go,so,sm,de,ch'",204
31266396,51-55,Female,University,"Education, Teacher Training",more than 10 years,Academic/educator,Italy,Italian,French,Books and Literature,Travel,3,3,3,3,4,4,3,No,"'a8,so,us,po,a9,sm,de,bi,fo,ch,go'",182
32320011,31-35,Female,University,Natural Sciences,more than 10 years,Executive/managerial,Russia,Russian,Belarusian,Computers and Electronics,Internet and Telecom,3,4,4,4,4,5,3,Yes,"'fo,de,us,a9,go,bi,po,a8,so,ch,sm'",247
39517779,36-40,Female,Doctoral studies,Humanities,5-10 years,Self-employed,Greece,Greek,English,Arts and Entertainment,Books and Literature,3,2,3,2,4,3,3,Yes,"'go,a9,bi,so,ch,de,us,po,fo,a8,sm'",177
39751828,21-25,Male,High school,"Engineering, Technology",0-2 years,Self-employed,Venezuela,Spanish,English,Games,Computers and Electronics,4,3,1,1,1,5,4,Yes,"'a9,ch,bi,de,sm,fo,po,go,us,a8,so'",111
43718645,31-35,Male,Doctoral studies,"Education, Teacher Training",more than 10 years,Academic/educator,Venezuela,Spanish,English,Sports,Internet and Telecom,5,4,5,5,5,5,5,Yes,"'bi,fo,us,a9,so,de,sm,ch,po,a8,go'",234
44169585,26-30,Female,Doctoral studies,"Engineering, Technology",more than 10 years,Self-employed,Venezuela,Spanish,Spanish,Games,Jobs and Education,3,4,2,2,1,1,4,Yes,"'fo,a8,sm,po,so,go,ch,bi,de,us,a9'",224
44281384,36-40,Male,University,Art and Design,more than 10 years,Self-employed,Venezuela,Spanish,English,Arts and Entertainment,Games,3,5,3,3,2,4,3,Yes,"'de,sm,go,us,a9,ch,bi,po,so,fo,a8'",226
43445602,36-40,Female,University,"Business Studies, Management Science",more than 10 years,Self-employed,Ukraine,Ukrainian,Russian,Books and Literature,Beauty and Fitness,4,3,4,3,3,4,3,Yes,"'so,bi,a8,de,go,fo,sm,a9,po,us,ch'",180
43988022,36-40,Male,University,Other Areas of Study,2-5 years,Programmer,Ukraine,Ukrainian,Russian,Computers and Electronics,Computers and Electronics,2,5,2,1,4,2,1,Yes,"'de,sm,bi,ch,po,a8,a9,go,so,fo,us'",103
 CrowdFlower.,over 60,Female,High school,Other Areas of Study,more than 10 years,Unemployed,Greece,Greek,English,Home and Garden,Computers and Electronics,3,4,4,3,5,5,4,No,"'us,fo,bi,a8,de,po,sm,so,go,a9,ch'",260
11869512,16-20,Male,University,"Education, Teacher Training",0-2 years,College/grad student,Venezuela,Spanish,Spanish,Business and Industrial,News,4,5,2,3,2,5,4,Yes,"'go,so,bi,po,de,a9,us,fo,sm,a8,ch'",254
212579,21-25,Male,High school,Art and Design,5-10 years,Lawyer,Bosnia-herzegovina,Czech,Cebuano,Law and Government,Games,2,3,3,3,2,4,5,Yes,"'fo,de,a8,us,a9,so,po,go,ch,bi,sm'",57
242759,26-30,Male,School,Agriculture Sciences,0-2 years,Technician/engineer,United states,English,English,Food and Drink,Beauty and Fitness,4,5,4,4,5,4,5,Yes,"'a9,po,a8,so,de,fo,bi,go,sm,us,ch'",90
27861594,51-55,Female,University,"Education, Teacher Training",more than 10 years,Academic/educator,Bulgaria,Bulgarian,Russian,Computers and Electronics,Beauty and Fitness,3,4,4,5,3,4,4,No,"'ch,po,bi,so,us,fo,sm,de,a9,a8,go'",240
32855580,26-30,Male,University,Communication and Information Sciences,2-5 years,Programmer,Ukraine,Ukrainian,English,Games,Online Communities,3,4,2,2,3,4,2,No,"'fo,a8,bi,po,so,go,sm,ch,us,de,a9'",179
33434416,36-40,Male,University,"Business Studies, Management Science",more than 10 years,Unemployed,Egypt,Arabic,English,Internet and Telecom,Autos and Vehicles,4,5,2,4,5,5,3,Yes,"'de,fo,po,ch,sm,bi,a8,a9,us,go,so'",178
33666765,41-45,Male,High school,Other Areas of Study,more than 10 years,Sales/marketing,Greece,Greek,English,Travel,Sports,3,3,4,3,5,4,3,Yes,"'bi,us,go,a8,ch,sm,de,a9,po,so,fo'",197
34004988,21-25,Male,High school,Other Areas of Study,0-2 years,Self-employed,Venezuela,Spanish,English,Books and Literature,Games,1,4,2,1,1,3,2,Yes,"'fo,bi,sm,de,a9,go,po,so,ch,a8,us'",146
34649284,36-40,Male,University,"Business Studies, Management Science",more than 10 years,Self-employed,Russia,Russian,German,Internet and Telecom,Autos and Vehicles,2,4,2,4,1,3,3,Yes,"'fo,us,a8,sm,de,a9,po,ch,go,so,bi'",276
37953692,26-30,Male,University,"Engineering, Technology",2-5 years,Self-employed,Ukraine,Ukrainian,Russian,Travel,People and Society,4,4,1,4,2,5,4,No,"'de,ch,a9,bi,so,a8,po,go,us,fo,sm'",472
38133316,31-35,Male,University,"Mathematics, Informatics",5-10 years,Programmer,Spain,Spanish,English,Autos and Vehicles,Internet and Telecom,3,4,4,5,5,4,3,Yes,"'go,sm,bi,so,a9,ch,us,fo,de,po,a8'",116
40206149,26-30,Male,University,"Engineering, Technology",5-10 years,Technician/engineer,Russia,Russian,English,Computers and Electronics,Sports,5,,3,3,4,4,3,No,"'ch,so,sm,de,a9,go,bi,a8,po,fo,us'",201
41054418,36-40,Male,University,Other Areas of Study,5-10 years,Clerical/admin,Brazil,Portuguese,English,World Localities,Computers and Electronics,5,4,2,3,4,,4,No,"'a8,fo,so,de,sm,go,bi,us,ch,a9,po'",165
41251492,31-35,Male,University,Medical Sciences,2-5 years,Doctor/health care,Romania,Romanian,English,Computers and Electronics,Science,3,2,2,3,2,3,1,Yes,"'so,bi,fo,sm,de,a9,po,ch,go,us,a8'",92
41666482,41-45,Female,University,Other Areas of Study,more than 10 years,Executive/managerial,Ukraine,Ukrainian,Russian,Books and Literature,Home and Garden,2,2,4,2,3,4,3,Yes,"'a9,sm,bi,ch,po,de,so,go,us,a8,fo'",211
41904763,31-35,Female,Doctoral studies,"Engineering, Technology",more than 10 years,Technician/engineer,Venezuela,Spanish,English,Travel,Beauty and Fitness,2,4,4,2,4,5,2,Yes,"'so,a8,ch,sm,a9,de,go,po,us,fo,bi'",215
42023182,21-25,Male,University,"Engineering, Technology",5-10 years,Customer service,Venezuela,Spanish,English,Autos and Vehicles,Sports,4,4,3,3,3,4,4,Yes,"'a9,go,bi,de,so,ch,fo,a8,us,sm,po'",164
43680651,21-25,Male,University,"Geography, Geology",2-5 years,Self-employed,Venezuela,Spanish,English,Arts and Entertainment,Computers and Electronics,5,5,5,5,5,5,5,Yes,"'a9,de,so,bi,sm,go,ch,fo,a8,us,po'",101
43800656,21-25,Male,University,"Business Studies, Management Science",0-2 years,Self-employed,Egypt,Arabic,English,Arts and Entertainment,Games,4,3,2,1,4,4,3,Yes,"'de,us,a8,fo,ch,a9,sm,po,bi,so,go'",221
43837290,46-50,Female,University,"Business Studies, Management Science",more than 10 years,Technician/engineer,United states,Spanish,English,Books and Literature,Arts and Entertainment,3,3,4,3,3,4,4,Yes,"'go,a8,sm,so,a9,fo,us,po,de,ch,bi'",246
43866411,31-35,Male,University,"Mathematics, Informatics",more than 10 years,Self-employed,Egypt,Arabic,English,Computers and Electronics,Real Estate,5,4,4,4,5,5,4,Yes,"'de,us,sm,fo,a9,go,po,bi,so,a8,ch'",202
43868081,16-20,Male,High school,"Mathematics, Informatics",0-2 years,Homemaker,Venezuela,Spanish,English,Jobs and Education,Arts and Entertainment,3,5,4,5,5,4,4,Yes,"'go,so,a9,de,a8,fo,po,bi,sm,ch,us'",116
43890521,21-25,Male,University,"Education, Teacher Training",0-2 years,Academic/educator,Egypt,Arabic,English,Jobs and Education,Computers and Electronics,2,4,2,2,4,4,3,Yes,"'bi,fo,sm,ch,a8,de,us,a9,po,go,so'",215
44036751,21-25,Female,University,"Engineering, Technology",2-5 years,Executive/managerial,Venezuela,Spanish,Spanish,Computers and Electronics,Sports,4,5,4,3,4,5,3,Yes,"'ch,go,so,fo,a8,us,bi,po,a9,de,sm'",275
44076961,51-55,Male,University,"Engineering, Technology",more than 10 years,Technician/engineer,Serbia,Serbian,English,Travel,Arts and Entertainment,2,3,2,5,5,5,3,No,"'po,fo,us,a8,sm,go,de,a9,ch,so,bi'",109
44137269,26-30,Male,University,"Education, Teacher Training",2-5 years,Academic/educator,United states,English,,Autos and Vehicles,Arts and Entertainment,5,3,2,3,3,4,3,No,"'a9,fo,a8,ch,de,us,bi,po,so,go,sm'",199
44233930,51-55,Male,School,Natural Sciences,5-10 years,Technician/engineer,Slovakia,Cebuano,Arabic,Home and Garden,Law and Government,2,3,2,2,1,4,2,No,"'so,a8,go,bi,de,a9,us,ch,sm,po,fo'",61
44283306,16-20,Male,High school,"Sciences Architecture, Urban and Regional Planning",2-5 years,Clerical/admin,Bosnia-herzegovina,Cebuano,Albanian,Autos and Vehicles,Autos and Vehicles,2,2,2,2,1,1,1,Yes,"'bi,po,ch,sm,so,fo,go,a8,de,a9,us'",24
44343924,36-40,Male,University,"Engineering, Technology",2-5 years,Executive/managerial,United states,English,English,Computers and Electronics,Computers and Electronics,5,5,5,5,5,5,5,Yes,"'de,a9,us,sm,po,ch,a8,so,bi,go,fo'",155
cmdg2017,56-60,Female,University,Other Areas of Study,more than 10 years,Self-employed,Venezuela,Spanish,Spanish,Books and Literature,Travel,1,3,3,3,2,3,5,Yes,"'so,fo,a8,de,po,a9,ch,bi,us,go,sm'",146
Cvladimir,41-45,Male,University,Law,5-10 years,Sport professional,Serbia,Serbian,English,Sports,Travel,5,2,1,1,3,3,3,Yes,"'a9,fo,ch,bi,de,po,sm,go,so,a8,us'",309
darwins,16-20,Male,School,Communication and Information Sciences,0-2 years,Tradesman/craftsman,Spain,Danish,Danish,People and Society,People and Society,2,1,3,1,5,4,2,Yes,"'so,a8,a9,po,fo,us,bi,go,sm,ch,de'",85
gabyverde,21-25,Female,University,Humanities,0-2 years,College/grad student,Venezuela,Spanish,English,People and Society,Pets and Animals,3,4,5,4,4,5,5,No,"'sm,a9,so,go,de,a8,us,fo,ch,bi,po'",274
Josue,26-30,Male,University,Law,0-2 years,Lawyer,United states,English,Spanish,Finance,Home and Garden,5,5,4,5,5,5,5,No,"'bi,so,sm,de,ch,us,a8,fo,po,go,a9'",108
nailynid2,36-40,Female,High school,Other Areas of Study,5-10 years,Unemployed,Venezuela,Spanish,English,Computers and Electronics,Games,4,3,2,2,2,2,2,No,"'fo,de,a8,sm,ch,po,go,us,so,a9,bi'",204
44011955,31-35,Female,University,Art and Design,5-10 years,Technician/engineer,Turkey,Turkish,Turkish,News,Arts and Entertainment,1,4,5,2,1,5,3,Yes,"'fo,so,go,ch,de,sm,a9,bi,po,a8,us'",116
11927414,26-30,Female,University,"Education, Teacher Training",0-2 years,Academic/educator,Venezuela,Spanish,English,Books and Literature,Computers and Electronics,2,4,4,3,3,4,4,Yes,"'us,fo,go,so,bi,a8,de,sm,ch,po,a9'",470
12542684,31-35,Male,University,"Mathematics, Informatics",2-5 years,Clerical/admin,Philippines,Filipino,English,Hobbies and Leisure,Internet and Telecom,4,4,3,3,3,4,3,Yes,"'sm,fo,a8,so,a9,po,ch,us,go,bi,de'",146
20994728,41-45,Male,High school,"Engineering, Technology",more than 10 years,Programmer,Russia,Russian,Russian,Games,Sports,3,4,2,3,5,4,2,Yes,"'ch,so,de,fo,us,a8,po,go,sm,bi,a9'",260
31145408,over 60,Male,University,"Engineering, Technology",more than 10 years,Technician/engineer,Romania,Romanian,English,Computers and Electronics,Books and Literature,3,3,1,3,3,1,1,No,"'so,sm,a9,fo,go,po,bi,us,a8,ch,de'",172
32728424,26-30,Male,University,Law,0-2 years,Self-employed,Indonesia,Indonesian,English,Travel,Games,3,4,3,3,1,2,3,Yes,"'a8,de,ch,go,fo,po,a9,so,us,bi,sm'",203
35486468,21-25,Male,University,"Business Studies, Management Science",0-2 years,Clerical/admin,Venezuela,Spanish,English,Games,Books and Literature,4,4,2,3,3,2,2,No,"'sm,a9,ch,so,de,po,us,fo,bi,a8,go'",278
35527002,21-25,Male,University,"Engineering, Technology",0-2 years,Technician/engineer,Venezuela,Spanish,English,News,Jobs and Education,3,2,1,3,3,2,3,Yes,"'fo,a9,a8,bi,po,ch,so,us,de,go,sm'",121
36543765,31-35,Male,University,Other Areas of Study,0-2 years,Unemployed,Egypt,Arabic,English,World Localities,Home and Garden,1,1,5,1,3,2,1,Yes,"'de,a8,a9,ch,so,us,go,bi,po,sm,fo'",234
39793872,26-30,Male,University,"Business Studies, Management Science",0-2 years,Executive/managerial,United states,English,Spanish,Games,Computers and Electronics,4,4,1,4,2,1,2,Yes,"'go,po,sm,bi,fo,ch,de,us,a8,so,a9'",116
40031413,26-30,Female,University,Social Sciences,2-5 years,Executive/managerial,Turkey,Turkish,English,People and Society,Beauty and Fitness,4,3,4,3,4,4,5,Yes,"'so,a8,ch,de,go,us,bi,po,sm,a9,fo'",180
40756808,31-35,Female,University,"Business Studies, Management Science",2-5 years,Homemaker,Russia,Russian,Russian,Beauty and Fitness,Food and Drink,4,3,4,4,3,5,4,Yes,"'fo,go,po,bi,de,sm,so,a8,a9,ch,us'",173
40861787,46-50,Female,University,"Education, Teacher Training",more than 10 years,Programmer,Italy,Italian,English,Books and Literature,Pets and Animals,3,4,4,3,3,4,4,No,"'bi,a8,a9,us,po,ch,go,de,fo,so,sm'",180
40993983,51-55,Male,High school,"Sciences Architecture, Urban and Regional Planning",more than 10 years,Self-employed,Ukraine,Russian,Ukrainian,Autos and Vehicles,Travel,4,3,3,3,4,3,3,Yes,"'go,de,a9,bi,fo,us,po,sm,a8,so,ch'",238
41667283,26-30,Male,University,"Business Studies, Management Science",0-2 years,Customer service,India,English,Hindi,Hobbies and Leisure,Games,4,3,4,3,3,3,3,No,"'a8,so,bi,us,a9,sm,go,fo,de,po,ch'",148
42254325,31-35,Male,Doctoral studies,"Engineering, Technology",more than 10 years,Programmer,Italy,Italian,Italian,Online Communities,Finance,4,5,3,4,4,4,4,Yes,"'sm,de,fo,so,bi,a9,po,a8,ch,go,us'",55
43071000,36-40,Female,Doctoral studies,"Education, Teacher Training",5-10 years,Academic/educator,Turkey,Turkish,English,Law and Government,Arts and Entertainment,4,4,4,5,5,4,5,Yes,"'fo,go,a8,de,sm,po,a9,ch,so,bi,us'",193
43121920,36-40,Male,University,Art and Design,0-2 years,Self-employed,Indonesia,Indonesian,English,Computers and Electronics,Sports,3,4,3,3,2,4,3,Yes,"'de,a8,ch,a9,bi,go,fo,so,sm,us,po'",189
43459547,31-35,Male,University,"Mathematics, Informatics",5-10 years,Academic/educator,Brazil,Portuguese,English,Computers and Electronics,Internet and Telecom,4,4,3,4,3,4,3,No,"'a9,fo,bi,so,us,go,de,sm,po,ch,a8'",131
43725761,21-25,Male,University,Other Areas of Study,2-5 years,Unemployed,Venezuela,Spanish,English,Computers and Electronics,Games,1,3,2,1,1,3,1,Yes,"'so,fo,a8,de,ch,us,bi,sm,po,go,a9'",229
43752044,26-30,Female,University,"Business Studies, Management Science",5-10 years,Executive/managerial,Russia,Russian,English,Books and Literature,Hobbies and Leisure,3,4,4,3,4,5,4,Yes,"'de,sm,so,fo,us,go,bi,a9,ch,po,a8'",196
43798519,51-55,Male,University,"Engineering, Technology",more than 10 years,Executive/managerial,Romania,Hungarian,Romanian,Sports,Pets and Animals,3,3,1,2,2,3,1,No,"'bi,a8,de,sm,so,a9,fo,go,ch,po,us'",219
43851608,26-30,Male,High school,Other Areas of Study,2-5 years,Self-employed,United states,English,Spanish,Autos and Vehicles,Games,4,3,3,3,3,4,4,No,"'de,ch,us,bi,so,sm,go,fo,a9,a8,po'",409
44004651,26-30,Male,University,Medical Sciences,2-5 years,Unemployed,Venezuela,Spanish,Spanish,Arts and Entertainment,Beauty and Fitness,4,3,3,3,2,3,2,Yes,"'de,po,so,ch,bi,sm,fo,us,a9,a8,go'",27
44005605,21-25,Female,University,Agriculture Sciences,0-2 years,College/grad student,United states,English,Spanish,Arts and Entertainment,Beauty and Fitness,1,3,5,4,3,5,2,Yes,"'ch,so,a9,de,bi,go,a8,fo,sm,us,po'",200
44007008,46-50,Female,Doctoral studies,Humanities,more than 10 years,Executive/managerial,Ukraine,Ukrainian,English,Travel,Arts and Entertainment,1,1,3,2,5,2,3,Yes,"'go,so,po,de,a9,us,fo,a8,sm,bi,ch'",130
44025234,26-30,Male,High school,Communication and Information Sciences,2-5 years,Technician/engineer,Venezuela,Spanish,English,Games,Business and Industrial,2,3,3,3,3,4,4,Yes,"'bi,us,a9,fo,ch,go,po,sm,de,so,a8'",228
44155409,26-30,Female,University,Natural Sciences,5-10 years,Unemployed,Venezuela,Spanish,English,Arts and Entertainment,Games,2,3,4,3,3,3,3,Yes,"'ch,fo,a9,a8,sm,so,bi,po,us,go,de'",167
44170199,21-25,Male,High school,"Engineering, Technology",0-2 years,Unemployed,Venezuela,Spanish,English,Autos and Vehicles,Sports,4,3,3,1,1,4,2,Yes,"'fo,ch,sm,so,a8,de,go,a9,bi,us,po'",388
44235659,21-25,Male,University,"Engineering, Technology",5-10 years,Programmer,Venezuela,Spanish,English,Computers and Electronics,Finance,5,5,5,5,5,5,5,No,"'go,us,de,a8,a9,sm,so,fo,bi,ch,po'",288
44275719,16-20,Male,University,Agriculture Sciences,2-5 years,College/grad student,Venezuela,Spanish,English,Food and Drink,Computers and Electronics,4,4,3,4,3,3,3,No,"'ch,fo,de,bi,sm,us,a9,po,so,go,a8'",516
44304156,21-25,Female,University,Languages and Philological Sciences,0-2 years,Executive/managerial,Egypt,Arabic,English,Arts and Entertainment,Beauty and Fitness,4,3,5,3,4,5,5,Yes,"'ch,so,a8,de,bi,us,go,a9,fo,po,sm'",255
6600682,41-45,Female,University,"Business Studies, Management Science",more than 10 years,Unemployed,Venezuela,Spanish,English,Food and Drink,Internet and Telecom,2,3,2,2,2,3,3,Yes,"'a8,sm,a9,fo,bi,go,po,us,ch,so,de'",314
CrowdFlower,21-25,Male,University,Humanities,2-5 years,Academic/educator,United states,English,English,Law and Government,Internet and Telecom,1,2,1,1,1,1,2,Yes,"'us,sm,ch,fo,so,a8,a9,bi,de,po,go'",113
CrowdFlower.,over 60,Female,High school,Other Areas of Study,more than 10 years,Sales/marketing,Greece,Greek,English,Internet and Telecom,Pets and Animals,3,3,4,2,5,5,5,No,"'so,fo,bi,us,de,a9,a8,po,go,ch,sm'",299
jamro,31-35,Male,University,Other Areas of Study,2-5 years,Academic/educator,Venezuela,Spanish,English,Travel,Jobs and Education,1,2,2,2,2,3,3,No,"'us,fo,so,ch,de,a8,go,bi,po,sm,a9'",863
PedroLlovera,21-25,Male,High school,Other Areas of Study,5-10 years,Self-employed,Venezuela,Spanish,,Internet and Telecom,Computers and Electronics,3,5,3,,4,5,4,Yes,"'us,sm,so,ch,de,a8,fo,po,bi,a9,go'",383
19367487,31-35,Female,University,"Education, Teacher Training",0-2 years,Academic/educator,Greece,Greek,English,Books and Literature,Travel,3,4,4,2,3,4,2,Yes,"'de,fo,sm,us,bi,so,go,a9,ch,a8,po'",10
10225132,56-60,Male,University,"Engineering, Technology",more than 10 years,Technician/engineer,Venezuela,Spanish,English,Computers and Electronics,World Localities,2,4,3,3,3,3,3,No,"'fo,so,de,a8,bi,a9,sm,ch,us,po,go'",210
10554557,36-40,Female,University,Humanities,,Self-employed,Ukraine,Russian,Ukrainian,Arts and Entertainment,Books and Literature,3,3,5,3,3,5,4,Yes,"'de,ch,a8,fo,so,us,po,sm,a9,go,bi'",134
10987132,46-50,Female,University,Law,more than 10 years,Homemaker,United states,Ukrainian,English,Arts and Entertainment,Internet and Telecom,4,4,4,3,4,5,4,Yes,"'a9,ch,po,us,fo,sm,so,bi,a8,de,go'",487
12110852,31-35,Female,University,"Engineering, Technology",5-10 years,Self-employed,Turkey,Turkish,English,Hobbies and Leisure,Computers and Electronics,5,5,5,5,5,5,5,Yes,"'a9,ch,go,de,sm,fo,us,a8,so,po,bi'",606
20216233,26-30,Female,University,"Engineering, Technology",5-10 years,Technician/engineer,India,Tamil,English,Internet and Telecom,Travel,3,5,5,5,2,4,5,Yes,"'ch,fo,so,us,a8,go,bi,po,de,a9,sm'",513
29817602,36-40,Male,University,"Engineering, Technology",2-5 years,Technician/engineer,India,Malayalam,Malayalam,Sports,Travel,4,3,2,3,2,4,3,Yes,"'de,ch,go,a9,fo,bi,so,sm,a8,us,po'",236
30248842,26-30,Female,High school,Social Sciences,0-2 years,College/grad student,Turkey,Turkish,English,Computers and Electronics,Food and Drink,4,5,4,5,4,5,4,Yes,"'a8,sm,fo,so,bi,go,de,po,ch,a9,us'",268
30793519,46-50,Male,University,"Business Studies, Management Science",more than 10 years,Self-employed,India,Hindi,English,Business and Industrial,Finance,3,3,2,2,4,3,2,No,"'a9,so,ch,sm,a8,po,de,us,fo,go,bi'",306
31663768,46-50,Male,University,"Engineering, Technology",more than 10 years,Technician/engineer,Venezuela,Spanish,English,Sports,Computers and Electronics,3,3,1,3,2,2,1,Yes,"'a8,a9,bi,sm,us,po,so,go,de,ch,fo'",281
34727539,31-35,Male,High school,"Mathematics, Informatics",5-10 years,Self-employed,Russia,Russian,English,Games,Computers and Electronics,3,3,2,3,4,4,3,Yes,"'de,ch,a9,sm,bi,po,us,so,go,a8,fo'",133
36267599,31-35,Male,University,"Engineering, Technology",5-10 years,Academic/educator,India,Hindi,English,Games,Internet and Telecom,3,5,4,4,2,4,3,No,"'so,fo,de,sm,a8,us,bi,ch,a9,go,po'",134
36268643,46-50,Male,University,"Sciences Architecture, Urban and Regional Planning",more than 10 years,Technician/engineer,Serbia,Serbian,English,Food and Drink,Autos and Vehicles,4,3,5,4,3,2,2,No,"'us,bi,fo,go,po,de,a8,so,a9,ch,sm'",208
38990852,16-20,Male,University,"Business Studies, Management Science",0-2 years,Academic/educator,Spain,English,Spanish,Real Estate,Arts and Entertainment,4,4,1,3,3,5,3,No,"'ch,so,go,a9,sm,us,fo,de,po,a8,bi'",110
39069685,36-40,Female,University,"Business Studies, Management Science",2-5 years,Executive/managerial,India,Hindi,English,Beauty and Fitness,Beauty and Fitness,5,5,5,5,4,5,5,Yes,"'a9,us,fo,a8,po,so,ch,de,bi,sm,go'",282
39208182,46-50,Male,University,"Engineering, Technology",2-5 years,Homemaker,Russia,Russian,English,Computers and Electronics,Science,2,4,3,4,3,3,3,No,"'fo,bi,de,a8,go,sm,ch,us,so,po,a9'",293
39482680,26-30,Male,University,Social Sciences,0-2 years,Sales/marketing,Bosnia-herzegovina,Bosnian,English,Business and Industrial,Finance,4,3,2,3,3,3,3,Yes,"'sm,ch,de,so,a8,po,fo,bi,us,go,a9'",103
39504972,41-45,Male,University,"Education, Teacher Training",more than 10 years,Academic/educator,United states,English,Spanish,Arts and Entertainment,Books and Literature,5,4,3,5,4,5,4,Yes,"'a9,fo,so,go,a8,ch,po,de,us,sm,bi'",251
39700030,31-35,Female,University,"Education, Teacher Training",more than 10 years,Academic/educator,Poland,Polish,English,Books and Literature,Pets and Animals,4,4,5,4,4,5,4,No,"'a8,so,a9,po,ch,sm,go,bi,us,de,fo'",136
40682230,41-45,Male,University,"Business Studies, Management Science",more than 10 years,Executive/managerial,Spain,Spanish,English,Arts and Entertainment,Sports,5,3,2,3,4,4,2,No,"'bi,so,a8,a9,sm,po,go,us,fo,ch,de'",100
41487707,26-30,Male,University,"Engineering, Technology",2-5 years,Self-employed,Indonesia,Indonesian,Indonesian,Sports,Internet and Telecom,4,4,4,4,1,4,4,No,"'po,so,de,go,a8,sm,ch,fo,a9,bi,us'",326
41964783,46-50,Male,High school,Communication and Information Sciences,5-10 years,Customer service,Russia,Russian,English,Computers and Electronics,Online Communities,5,5,5,5,5,5,5,Yes,"'de,ch,a8,us,fo,go,bi,so,a9,sm,po'",171
42575094,26-30,Male,University,"Education, Teacher Training",2-5 years,Academic/educator,Spain,Spanish,English,Games,Sports,5,4,3,3,4,4,4,No,"'fo,sm,de,so,go,bi,po,ch,a8,a9,us'",67
42732325,31-35,Male,University,Social Sciences,5-10 years,Self-employed,Indonesia,Indonesian,English,Sports,Business and Industrial,5,3,3,3,4,4,3,Yes,"'go,fo,a9,po,ch,us,a8,bi,sm,de,so'",337
42837258,21-25,Male,University,"Mathematics, Informatics",2-5 years,Self-employed,Indonesia,Indonesian,English,Jobs and Education,Arts and Entertainment,4,3,2,4,2,3,3,Yes,"'fo,bi,de,sm,po,a8,go,ch,a9,so,us'",145
43448760,21-25,Male,University,"Engineering, Technology",0-2 years,College/grad student,Egypt,Arabic,English,Arts and Entertainment,Internet and Telecom,4,4,2,2,1,3,1,Yes,"'de,a9,so,go,a8,bi,ch,fo,us,po,sm'",160
43449106,31-35,Male,University,Social Sciences,5-10 years,Clerical/admin,Venezuela,Spanish,English,Sports,Arts and Entertainment,4,3,3,4,4,3,3,Yes,"'so,us,fo,a9,go,po,de,sm,a8,bi,ch'",358
43503223,26-30,Male,High school,"Education, Teacher Training",more than 10 years,College/grad student,Venezuela,Spanish,Spanish,Food and Drink,People and Society,3,4,1,4,2,1,4,Yes,"'sm,ch,bi,a9,go,po,fo,de,us,so,a8'",294
43618685,21-25,Male,University,Medical Sciences,0-2 years,Doctor/health care,Bosnia-herzegovina,Bosnian,English,Arts and Entertainment,Sports,3,3,2,4,4,3,3,Yes,"'de,sm,a9,go,po,bi,a8,us,so,ch,fo'",288
43619882,41-45,Male,University,"Sciences Architecture, Urban and Regional Planning",more than 10 years,Self-employed,Spain,Spanish,English,Computers and Electronics,Pets and Animals,3,5,4,3,3,4,2,Yes,"'so,ch,a9,po,bi,us,sm,a8,fo,go,de'",179
43664173,36-40,Female,University,"Engineering, Technology",2-5 years,Homemaker,Indonesia,Indonesian,English,Arts and Entertainment,Business and Industrial,3,4,5,4,4,5,4,Yes,"'po,sm,ch,so,a8,bi,a9,us,de,fo,go'",221
43700704,36-40,Female,High school,Social Sciences,more than 10 years,Homemaker,Venezuela,Spanish,Spanish,Internet and Telecom,News,3,3,1,4,3,2,3,Yes,"'so,a9,a8,sm,go,de,us,po,fo,bi,ch'",273
43790251,21-25,Male,University,Other Areas of Study,0-2 years,Doctor/health care,Venezuela,Spanish,English,Computers and Electronics,Games,3,5,3,3,3,5,2,Yes,"'a9,so,fo,us,bi,a8,po,go,ch,de,sm'",230
43794413,21-25,Male,University,Humanities,0-2 years,Sales/marketing,United states,English,Spanish,Games,Sports,5,3,3,4,4,2,1,Yes,"'fo,de,a8,so,go,sm,a9,bi,ch,po,us'",386
43813415,16-20,Male,University,Art and Design,0-2 years,Academic/educator,Egypt,Arabic,Italian,Games,Food and Drink,5,4,1,2,3,3,4,No,"'us,fo,po,a9,go,bi,ch,a8,sm,de,so'",107
43859226,26-30,Male,University,"Sciences Architecture, Urban and Regional Planning",0-2 years,College/grad student,Venezuela,Spanish,English,,Business and Industrial,5,5,5,5,5,5,5,Yes,"'sm,bi,ch,de,go,fo,so,a8,a9,po,us'",148
43877890,21-25,Female,University,"Education, Teacher Training",5-10 years,Academic/educator,Brazil,Portuguese,English,Games,News,5,4,5,4,4,5,5,Yes,"'a9,a8,sm,de,po,ch,so,bi,us,fo,go'",253
43904571,31-35,Female,University,"Mathematics, Informatics",5-10 years,Homemaker,Ukraine,Ukrainian,Russian,Arts and Entertainment,Hobbies and Leisure,2,2,4,2,2,4,2,Yes,"'po,sm,a9,us,bi,ch,de,a8,fo,go,so'",278
43936498,21-25,Female,University,"Business Studies, Management Science",0-2 years,Self-employed,India,Urdu,Urdu,Pets and Animals,Food and Drink,1,1,1,1,1,1,1,Yes,"'ch,de,us,sm,bi,a8,po,fo,a9,so,go'",66
43983465,21-25,Male,University,Agriculture Sciences,0-2 years,Self-employed,Egypt,Arabic,English,Internet and Telecom,Sports,4,4,2,3,4,4,2,Yes,"'fo,so,bi,a9,us,go,po,sm,a8,ch,de'",204
43984331,21-25,Male,University,Social Sciences,2-5 years,College/grad student,Venezuela,Spanish,Portuguese,Sports,Arts and Entertainment,4,3,1,3,3,4,3,No,"'go,us,a8,so,sm,fo,a9,ch,bi,po,de'",388
44010443,16-20,Female,High school,"Mathematics, Informatics",0-2 years,Academic/educator,Egypt,Arabic,English,Food and Drink,Hobbies and Leisure,1,3,2,1,1,1,3,No,"'so,de,sm,ch,us,a8,fo,po,go,a9,bi'",233
44070269,31-35,Male,University,"Engineering, Technology",more than 10 years,Technician/engineer,United states,Spanish,English,Food and Drink,Internet and Telecom,4,4,3,1,2,4,2,Yes,"'ch,a8,po,us,go,fo,so,sm,bi,de,a9'",159
44082424,31-35,Male,High school,Communication and Information Sciences,5-10 years,Programmer,Ukraine,Ukrainian,Russian,Computers and Electronics,Games,3,3,3,3,3,3,3,Yes,"'de,fo,ch,po,a8,us,bi,so,a9,sm,go'",138
44091788,46-50,Male,Doctoral studies,"Mathematics, Informatics",more than 10 years,Retired,United states,English,Spanish,Computers and Electronics,Games,2,3,1,3,3,4,1,No,"'de,bi,so,a8,us,a9,go,sm,po,fo,ch'",294
44104112,21-25,Male,University,Communication and Information Sciences,0-2 years,College/grad student,Indonesia,Indonesian,English,Internet and Telecom,Computers and Electronics,2,4,1,3,1,2,3,No,"'po,go,so,a8,ch,fo,a9,bi,sm,de,us'",120
44109712,over 60,Female,University,Social Sciences,more than 10 years,Writer,Venezuela,Spanish,English,Autos and Vehicles,Books and Literature,1,2,2,2,3,2,3,Yes,"'de,fo,po,a8,sm,ch,so,us,bi,go,a9'",294
44155512,31-35,Male,University,"Engineering, Technology",5-10 years,Executive/managerial,Egypt,Arabic,English,Food and Drink,Sports,4,3,2,3,1,4,1,No,"'us,a8,a9,go,po,fo,bi,de,so,ch,sm'",144
44194170,21-25,Male,High school,Other Areas of Study,0-2 years,Unemployed,Venezuela,Spanish,English,Pets and Animals,People and Society,5,3,1,3,3,4,4,Yes,"'a8,de,go,a9,ch,so,us,sm,fo,bi,po'",175
44234101,36-40,Female,University,Law,0-2 years,Lawyer,Venezuela,Spanish,English,People and Society,Jobs and Education,3,3,3,4,3,4,4,Yes,"'de,a8,a9,so,ch,go,us,bi,po,sm,fo'",207
44248178,21-25,Male,University,"Engineering, Technology",0-2 years,Technician/engineer,United states,Spanish,English,Computers and Electronics,Sports,5,3,1,3,2,4,4,No,"'sm,fo,bi,a8,po,us,ch,a9,de,go,so'",283
44253894,21-25,Female,University,Communication and Information Sciences,0-2 years,College/grad student,United states,English,Spanish,Beauty and Fitness,Books and Literature,3,4,5,2,1,5,3,Yes,"'go,ch,sm,a8,bi,a9,us,fo,so,de,po'",118
44260826,26-30,Male,High school,Communication and Information Sciences,2-5 years,Customer service,Venezuela,Spanish,Spanish,Arts and Entertainment,Food and Drink,3,4,4,3,3,4,3,Yes,"'a9,a8,so,fo,sm,bi,po,go,us,ch,de'",227
44327738,31-35,Female,University,Social Sciences,5-10 years,Academic/educator,Venezuela,Spanish,English,Science,Beauty and Fitness,3,3,4,4,3,,5,No,"'a8,ch,so,us,sm,de,po,bi,a9,fo,go'",410
44413689,46-50,Male,School,"Education, Teacher Training",more than 10 years,Retired,United states,English,English,Games,Computers and Electronics,1,2,1,2,1,2,1,No,"'a8,bi,fo,so,go,po,de,ch,sm,a9,us'",271
73521ca6,26-30,Male,University,"Engineering, Technology",5-10 years,Executive/managerial,India,Gujarati,Hindi,Computers and Electronics,Beauty and Fitness,4,4,4,4,4,5,4,No,"'fo,ch,de,bi,po,so,go,sm,a8,a9,us'",139
jhoandercf,16-20,Male,University,Other Areas of Study,0-2 years,Sales/marketing,Venezuela,Spanish,Spanish,Travel,Travel,1,1,1,1,1,1,1,Yes,"'de,fo,ch,a9,sm,go,po,us,so,bi,a8'",402
Mavriq1991,26-30,Male,University,"Engineering, Technology",5-10 years,Technician/engineer,Ukraine,Ukrainian,English,Sports,Games,4,4,2,3,3,2,2,Yes,"'so,sm,de,a9,go,us,bi,ch,po,a8,fo'",197
monu,36-40,Male,University,"Mathematics, Informatics",more than 10 years,Farmer,India,Hindi,Hindi,Food and Drink,Jobs and Education,3,2,1,3,1,2,2,Yes,"'sm,de,a8,so,po,a9,fo,bi,us,go,ch'",25
